,0,1
0,疫情,264740
1,武汉,229667
2,肺炎,224960
3,展开,216745
4,全文,216276
5,新型,184562
6,冠状病毒,137011
7,我们,129709
8,加油,123246
9,##,117351
10,口罩,115913
11,感染,112794
12,医院,107979
13,确诊,106765
14,中国,101060
15,病例,100246
16,病毒,99095
17,患者,94574
18,没有,90569
19,防控,89573
20,自己,81245
21,一个,81225
22,微博,75482
23,视频,73078
24,可以,69695
25,这个,69277
26,新冠,64804
27,工作,64773
28,链接,64081
29,一起,60989
30,网页,60956
31,大家,60679
32,湖北,58731
33,真的,57658
34,医生,57655
35,就是,57163
36,隔离,53838
37,希望,53808
38,2020,53516
39,今天,53186
40,现在,52990
41,什么,51651
42,致敬,47289
43,不是,45965
44,国家,45122
45,行动,43875
46,他们,43840
47,全国,43834
48,一线,43686
49,医护人员,41863
50,传播,41395
51,抗击,41356
52,已经,40921
53,知道,40756
54,目前,40159
55,健康,39732
56,还是,39698
57,治疗,39506
58,不要,39353
59,一定,38931
60,你们,38291
61,新闻,37718
62,可能,37471
63,新增,36491
64,出院,36226
65,出现,35285
66,开始,35270
67,时间,35003
68,时候,34960
69,治愈,34513
70,发现,34274
71,10,32768
72,发热,32573
73,需要,32501
74,不能,31915
75,因为,31526
76,消毒,31137
77,症状,30857
78,如果,30769
79,生活,30721
80,专家,30692
81,情况,30640
82,人员,30622
83,物资,30296
84,人民,29304
85,防护,29147
86,看到,29125
87,平安,28737
88,还有,28017
89,打卡,27869
90,所有,27319
91,发布,27285
92,医用,27187
93,上班,26967
94,这样,26857
95,社区,26594
96,酒精,26468
97,问题,26358
98,起来,26304
99,检测,26220
100,但是,26190
101,怎么,26162
102,卫健委,26140
103,转发,25977
104,u3000,25957
105,医疗,25712
106,预防,25707
107,进行,25616
108,很多,24922
109,病人,24859
110,钟南山,24841
111,这些,24796
112,不会,24700
113,每天,24108
114,北京,23769
115,咳嗽,23573
116,一下,23506
117,一直,23354
118,在家,23322
119,努力,23096
120,疫苗,22803
121,防疫,22529
122,应该,22464
123,捐赠,22375
124,哈哈哈,22299
125,疾病,22297
126,这么,22207
127,重症,21955
128,出门,21920
129,觉得,21904
130,感谢,21722
131,关注,21536
132,期间,21509
133,24,21473
134,做好,21441
135,武汉市,21416
136,通过,21110
137,所以,21024
138,12,20965
139,复工,20959
140,20,20926
141,抗疫,20810
142,这种,20650
143,上海,20448
144,接触,20314
145,如何,20212
146,2019,20115
147,30,19913
148,企业,19894
149,发烧,19846
150,表示,19596
151,组织,19478
152,研究,19346
153,保护,19180
154,为了,18975
155,院士,18937
156,最新,18833
157,那么,18774
158,关于,18749
159,14,18628
160,今日,18526
161,出来,18481
162,志愿者,18434
163,医疗队,18410
164,为什么,18400
165,累计,18328
166,居家,18275
167,战疫,18228
168,孩子,18178
169,肖战,17938
170,市场,17860
171,感觉,17776
172,有效,17642
173,辛苦,17581
174,非常,17574
175,安全,17433
176,死亡,17307
177,野味,17260
178,支援,17124
179,信息,16851
180,医务人员,16643
181,小时,16610
182,全球,16584
183,朋友,16568
184,这是,16549
185,一天,16512
186,前线,16465
187,注意,16458
188,世界,16443
189,护士,16340
190,传染病,16339
191,中医,16240
192,高速,16208
193,朱一龙,16167
194,措施,16158
195,家里,16153
196,发生,16151
197,日本,15921
198,公司,15851
199,小区,15782
200,活动,15741
201,第一,15730
202,记者,15675
203,回家,15635
204,15,15625
205,战斗,15525
206,事件,15519
207,湖北省,15516
208,传染,15510
209,开学,15491
210,公益,15465
211,直播,15341
212,然后,15336
213,11,15333
214,基层,15325
215,卫生,15299
216,地方,15275
217,要求,15215
218,17,15206
219,丁香,15147
220,公共卫生,15109
221,这次,15090
222,明天,15077
223,救治,14994
224,原因,14969
225,其中,14864
226,疑似,14717
227,空气,14703
228,来自,14669
229,建议,14605
230,感冒,14563
231,一些,14535
232,使用,14355
233,其他,14295
234,结果,14259
235,一样,14248
236,那些,14227
237,打赢,14184
238,祈福,14177
239,喜欢,14150
240,春节,14015
241,报告,14009
242,重要,13963
243,一次,13893
244,特别,13878
245,相关,13874
246,有人,13789
247,只有,13754
248,药物,13577
249,聚集,13555
250,方案,13555
251,奋战,13487
252,主要,13464
253,严重,13442
254,截至,13399
255,防护服,13370
256,驰援,13285
257,蝙蝠,13273
258,传人,13147
259,支持,13104
260,数据,13077
261,家人,12955
262,看看,12904
263,火神,12854
264,之前,12829
265,有点,12818
266,之后,12812
267,生命,12772
268,根据,12770
269,分享,12749
270,政府,12713
271,是否,12703
272,社会,12685
273,最后,12680
274,只是,12680
275,作为,12670
276,一切,12649
277,消息,12620
278,SARS,12607
279,影响,12597
280,美国,12560
281,在线,12536
282,了解,12505
283,几天,12492
284,继续,12467
285,地图,12460
286,正在,12451
287,密切接触,12443
288,相信,12398
289,虽然,12369
290,第一线,12365
291,通知,12322
292,控制,12288
293,老师,12279
294,下午,12208
295,非典,12105
296,其实,12100
297,潜伏期,12092
298,临床,12075
299,体温,12075
300,扩散,11969
301,18,11951
302,开展,11904
303,央视,11777
304,延迟,11765
305,16,11676
306,过去,11651
307,一点,11632
308,联防,11616
309,诊疗,11611
310,实时,11610
311,城市,11606
312,直接,11602
313,封闭,11591
314,接受,11581
315,主任,11564
316,医护,11557
317,结束,11555
318,核酸,11555
319,存在,11533
320,高考,11530
321,联控,11525
322,而且,11515
323,最近,11511
324,阻击战,11496
325,手机,11482
326,坚持,11474
327,发布会,11465
328,正常,11392
329,英雄,11343
330,宝宝,11334
331,回应,11285
332,地球,11277
333,回来,11240
334,每个,11224
335,网上,11221
336,妈妈,11185
337,或者,11122
338,容易,11121
339,身体,11120
340,中心,11120
341,爱心,11114
342,N95,11108
343,中医药,11091
344,同时,11056
345,晚上,11053
346,紧急,11035
347,流感,11003
348,...,10985
349,韩红,10981
350,13,10937
351,下降,10925
352,那个,10915
353,好好,10900
354,世卫,10837
355,身边,10820
356,双黄连,10791
357,可爱,10784
358,多少,10770
359,人群,10762
360,万众一心,10753
361,风险,10698
362,一种,10668
363,评论,10659
364,共同,10612
365,无症状,10612
366,服务,10581
367,这场,10542
368,春运,10514
369,面对,10514
370,抵抗力,10493
371,保障,10476
372,以及,10460
373,工作人员,10424
374,感染者,10414
375,通报,10402
376,查看,10396
377,学校,10368
378,李兰娟,10364
379,突发,10362
380,还要,10359
381,好消息,10319
382,及时,10274
383,一名,10262
384,力量,10254
385,分钟,10249
386,增强,10246
387,科学,10223
388,图片,10113
389,拐点,10064
390,人数,10059
391,导致,10028
392,集中,10024
393,公布,10013
394,白衣天使,9991
395,封城,9989
396,海鲜,9981
397,群众,9968
398,管理,9951
399,应急,9949
400,标准,9948
401,人类,9906
402,回复,9905
403,只能,9898
404,检查,9896
405,紧张,9885
406,进入,9883
407,普通,9878
408,事情,9866
409,东西,9858
410,全部,9840
411,两个,9820
412,不过,9785
413,交叉感染,9785
414,提醒,9750
415,别人,9739
416,是不是,9735
417,收治,9729
418,疑似病例,9727
419,以后,9719
420,野生动物,9712
421,家庭,9701
422,造成,9693
423,试剂盒,9693
424,应对,9646
425,突然,9598
426,近日,9593
427,乏力,9494
428,19,9487
429,必须,9482
430,生产,9459
431,飞沫,9435
432,孝感,9387
433,团队,9343
434,方式,9309
435,读书,9298
436,人民日报,9282
437,成为,9268
438,免费,9261
439,今年,9260
440,昨天,9253
441,帮助,9248
442,比较,9247
443,疾控中心,9238
444,能量,9224
445,个人,9193
446,部门,9189
447,真是,9165
448,启动,9141
449,观察,9128
450,一位,9123
451,神山,9123
452,谢谢,9079
453,华南,9075
454,加强,9067
455,减少,9043
456,众志成城,9031
457,特殊,9018
458,过年,9017
459,对于,9013
460,有关,8991
461,地区,8954
462,这里,8944
463,成功,8900
464,增加,8897
465,得到,8861
466,领导,8859
467,官方,8849
468,少年,8845
469,各种,8828
470,23,8826
471,参与,8821
472,记录,8810
473,行者,8796
474,儿童,8792
475,出行,8789
476,避免,8732
477,担心,8726
478,返程,8724
479,工作者,8718
480,呼吸困难,8713
481,李汶翰,8708
482,报道,8707
483,国际,8696
484,女性,8696
485,时期,8682
486,准备,8682
487,动态,8675
488,期待,8659
489,无法,8654
490,气溶胶,8618
491,不想,8609
492,穿山甲,8605
493,轻症,8604
494,求助,8575
495,22,8562
496,金银,8550
497,21,8533
498,有些,8520
499,河南,8499
500,各地,8496
501,特效药,8478
502,甚至,8467
503,重点,8458
504,乘客,8434
505,一年,8427
506,不明,8410
507,推荐,8396
508,100,8395
509,足不出户,8384
510,疫区,8372
511,响应,8371
512,病情,8363
513,网友,8346
514,到底,8294
515,提供,8260
516,变异,8241
517,发展,8190
518,完成,8181
519,任何,8174
520,全力,8153
521,的话,8138
522,单位,8129
523,终于,8119
524,学生,8110
525,诊断,8097
526,最好,8091
527,部分,8085
528,粉丝,8084
529,25,8073
530,首例,8065
531,净化器,8033
532,新浪,8025
533,实验室,8010
534,市民,8001
535,动物,7991
536,能够,7984
537,当前,7981
538,超级,7974
539,战胜,7966
540,TFBOYS,7947
541,温暖,7939
542,消毒液,7920
543,发病,7912
544,天津,7908
545,永远,7894
546,门诊,7879
547,心理,7879
548,要强,7830
549,之间,7828
550,排查,7819
551,包括,7817
552,决定,7767
553,现场,7754
554,勇战,7723
555,一般,7705
556,才能,7703
557,明显,7695
558,逆行,7691
559,恐慌,7646
560,爆发,7644
561,除了,7640
562,瞒报,7639
563,守护,7631
564,媒体,7624
565,阴谋论,7622
566,只要,7598
567,开心,7581
568,快乐,7581
569,文章,7573
570,指挥部,7564
571,哈哈哈哈,7540
572,专业,7536
573,持续,7528
574,积极,7524
575,31,7489
576,一次性,7482
577,最美,7468
578,28,7463
579,新年,7459
580,27,7439
581,效果,7434
582,控制中心,7432
583,结合,7426
584,最大,7414
585,老人,7393
586,人们,7391
587,金银花,7347
588,告诉,7340
589,作用,7339
590,华晨,7335
591,安排,7307
592,天天,7283
593,针对,7270
594,重庆,7258
595,方法,7245
596,介绍,7242
597,召开,7239
598,不用,7223
599,湖南,7213
600,50,7195
601,呼吸道,7175
602,怎么办,7171
603,能力,7169
604,李文亮,7148
605,几个,7105
606,采取,7098
607,途径,7074
608,不敢,7071
609,可是,7068
610,记得,7057
611,全面,7057
612,测体温,7053
613,基本,7052
614,勤洗手,7036
615,按照,7034
616,深圳,7022
617,感动,7019
618,经过,7016
619,小汤山,7014
620,进一步,7008
621,早日,6997
622,不到,6971
623,呼吸,6926
624,祝福,6924
625,绿色,6921
626,广东,6917
627,援鄂,6898
628,科普,6892
629,40,6877
630,民警,6874
631,自我,6868
632,专家组,6849
633,捐款,6849
634,平台,6841
635,26,6841
636,正式,6830
637,中药,6827
638,网络,6815
639,选择,6811
640,完全,6805
641,不好,6803
642,父母,6803
643,办公,6796
644,每日,6756
645,西安,6755
646,越来越,6734
647,宣传,6732
648,确认,6731
649,29,6728
650,外出,6711
651,参加,6707
652,今晚,6696
653,王俊凯,6686
654,成都,6660
655,一只,6651
656,联合,6634
657,认为,6629
658,一级,6629
659,项目,6625
660,方舱,6587
661,居民,6580
662,上午,6549
663,研发,6549
664,就诊,6548
665,引起,6535
666,害怕,6519
667,如此,6516
668,果子狸,6514
669,状态,6461
670,机制,6459
671,第一次,6456
672,山东,6456
673,干咳,6448
674,以来,6418
675,病房,6415
676,病死率,6413
677,附属,6413
678,日常,6404
679,不同,6402
680,管控,6394
681,国内,6388
682,白衣战士,6388
683,以上,6385
684,由于,6383
685,交警,6380
686,肯定,6378
687,生物,6378
688,趋势,6377
689,广州,6376
690,处理,6372
691,王一博,6345
692,两天,6340
693,调整,6324
694,康复,6324
695,领券,6290
696,易感,6265
697,承诺,6253
698,左右,6251
699,一场,6240
700,男子,6230
701,本来,6208
702,运动,6205
703,刚刚,6148
704,宠物,6141
705,限时,6127
706,有没有,6107
707,不了,6106
708,重大,6097
709,意义,6090
710,快递,6078
711,环境,6071
712,保持,6069
713,出去,6025
714,未来,6018
715,连续,6016
716,香港,6006
717,计划,5969
718,好像,5960
719,可怕,5947
720,干部,5941
721,浙江,5939
722,蒙牛,5931
723,归来,5907
724,收到,5905
725,江苏,5890
726,元券,5885
727,阴性,5880
728,通告,5875
729,日子,5869
730,高福,5868
731,提高,5860
732,同事,5854
733,外科,5851
734,提示,5850
735,建设,5844
736,办法,5841
737,专享,5834
738,坚决,5833
739,再次,5822
740,以为,5812
741,啊啊啊,5778
742,瑞德,5777
743,理解,5773
744,电影,5770
745,西韦,5757
746,当地,5745
747,训诫,5744
748,负责,5738
749,真正,5737
750,宣布,5736
751,过程,5731
752,确实,5727
753,离开,5717
754,伟大,5716
755,当时,5712
756,超市,5710
757,去世,5706
758,早上,5692
759,加入,5691
760,音乐,5687
761,DAYTOY,5683
762,中央,5673
763,精神,5672
764,值得,5659
765,近期,5649
766,故事,5645
767,车辆,5644
768,达到,5643
769,看着,5640
770,主动,5639
771,江西,5639
772,显示,5621
773,心里,5618
774,防治,5609
775,哪里,5606
776,而是,5603
777,祖国,5602
778,照顾,5597
779,唯一,5592
780,重视,5590
781,山西,5590
782,大量,5583
783,带来,5567
784,头条,5562
785,洗手,5548
786,徐坤,5543
787,经济,5542
788,通道,5527
789,采访,5525
790,四川,5525
791,谣言,5523
792,电话,5522
793,75%,5516
794,一家,5505
795,人生,5497
796,超过,5485
797,黄冈,5476
798,用于,5465
799,防止,5455
800,全市,5447
801,教授,5445
802,西藏,5440
803,举行,5428
804,免疫力,5424
805,大学,5418
806,保卫,5405
807,危险,5396
808,配合,5391
809,街道,5389
810,先生,5387
811,不管,5385
812,提前,5366
813,厉害,5361
814,一份,5360
815,基建,5346
816,明白,5344
817,团肖战,5329
818,关系,5325
819,床位,5322
820,快速,5314
821,机场,5295
822,救助,5293
823,所有人,5292
824,人家,5290
825,抗病毒,5284
826,传染性,5258
827,nCoV,5254
828,产品,5239
829,同学,5235
830,方面,5220
831,李易峰,5220
832,医学,5214
833,一句,5210
834,过滤,5207
835,教育,5205
836,调查,5200
837,确定,5191
838,系统,5169
839,简单,5158
840,吃饭,5156
841,不够,5155
842,就要,5153
843,休息,5125
844,全民,5117
845,赶紧,5103
846,微信,5098
847,是因为,5098
848,书记,5085
849,里面,5084
850,幸福,5079
851,第二,5076
852,责任,5074
853,助力,5074
854,院长,5072
855,通风,5071
856,必要,5064
857,云南,5058
858,细菌,5055
859,我市,5052
860,研究所,5048
861,更新,5038
862,负压,5038
863,正确,5035
864,网易,5023
865,首批,5019
866,解决,5014
867,以前,5013
868,稳定,5004
869,行为,4999
870,恢复,4990
871,收费站,4990
872,缓解,4981
873,同行,4973
874,原来,4962
875,产生,4961
876,狂魔,4956
877,警方,4946
878,情绪,4943
879,张艺兴,4943
880,顺利,4938
881,假期,4937
882,联系,4932
883,资源,4929
884,哪些,4927
885,杀菌,4923
886,确保,4920
887,病毒性,4917
888,做到,4915
889,坚守,4913
890,哥哥,4906
891,市长,4901
892,每次,4900
893,知识,4899
894,问诊,4899
895,前行,4865
896,援助,4861
897,公众,4858
898,整个,4856
899,尤其,4852
900,论文,4848
901,依然,4846
902,爸爸,4824
903,蔓延,4823
904,晚安,4821
905,睡觉,4813
906,市委书记,4809
907,甘肃,4805
908,500,4800
909,全省,4796
910,明确,4794
911,不断,4791
912,航班,4788
913,身体健康,4786
914,60,4767
915,不少,4746
916,销售,4746
917,面前,4743
918,来源,4713
919,三个,4703
920,公告,4700
921,皮肤,4699
922,科技,4687
923,大陆,4686
924,住院,4685
925,距离,4684
926,速度,4680
927,估计,4678
928,各位,4676
929,公安,4672
930,说明,4668
931,辟谣,4668
932,压力,4664
933,平平安安,4663
934,表现,4657
935,来看,4653
936,千玺,4637
937,更好,4625
938,此次,4623
939,联盟,4617
940,杭州,4615
941,尽量,4612
942,严格,4610
943,自然,4605
944,实行,4605
945,中西医,4603
946,发表,4596
947,医疗机构,4590
948,平时,4589
949,技术,4581
950,旅行,4577
951,落实,4577
952,春晚,4576
953,路上,4569
954,找到,4553
955,好多,4553
956,部署,4551
957,付出,4551
958,少女,4550
959,日记,4549
960,怀疑,4543
961,集团,4542
962,属于,4539
963,呼吁,4539
964,阳性,4536
965,心情,4532
966,高峰,4524
967,来说,4523
968,快点,4521
969,旅客,4511
970,买不到,4505
971,公共,4498
972,总是,4497
973,不让,4482
974,某某,4471
975,关键,4458
976,真实,4456
977,已有,4442
978,无论,4437
979,购买,4431
980,陕西,4427
981,佩戴,4422
982,降低,4422
983,北京市,4419
984,配图,4401
985,不行,4400
986,开启,4399
987,天气,4397
988,愿意,4395
989,爆料,4381
990,捐助,4371
991,遇到,4358
992,点赞,4351
993,柳叶刀,4346
994,生病,4345
995,00,4338
996,儿子,4331
997,自身,4327
998,辖区,4324
999,医学观察,4323
1000,宝贝,4319
1001,救护车,4317
1002,公主,4314
1003,高速公路,4313
1004,海南,4309
1005,排除,4306
1006,拒绝,4304
1007,居然,4303
1008,经历,4297
1009,出发,4297
1010,马上,4296
1011,声音,4296
1012,解除,4295
1013,泰国,4295
1014,聚餐,4288
1015,凌晨,4284
1016,根本,4283
1017,方向,4280
1018,出征,4280
1019,实施,4275
1020,办公室,4271
1021,考虑,4271
1022,指导,4262
1023,取消,4261
1024,眼睛,4253
1025,证据,4252
1026,就算,4248
1027,乘坐,4246
1028,药店,4244
1029,实在,4240
1030,指南,4238
1031,会议,4237
1032,录制,4236
1033,并且,4234
1034,防范,4233
1035,痊愈,4233
1036,队员,4232
1037,不错,4229
1038,手套,4226
1039,广大,4223
1040,规定,4218
1041,南昌,4215
1042,政策,4210
1043,抑制,4204
1044,登记,4203
1045,广西,4199
1046,立即,4198
1047,就医,4194
1048,至少,4192
1049,交通,4184
1050,垃圾,4184
1051,刘诗,4182
1052,变成,4178
1053,不仅,4177
1054,之一,4166
1055,环保,4153
1056,代表,4151
1057,具有,4149
1058,普通人,4131
1059,必备,4129
1060,想要,4119
1061,预计,4117
1062,随着,4115
1063,身上,4113
1064,男性,4110
1065,难受,4109
1066,放弃,4109
1067,国务院,4104
1068,安徽,4100
1069,清洁,4091
1070,美好,4090
1071,抗体,4082
1072,血浆,4082
1073,价格,4079
1074,尽快,4071
1075,另外,4071
1076,延长,4069
1077,抢救,4062
1078,举报,4060
1079,分析,4058
1080,嘉羿,4055
1081,范围,4050
1082,条件,4042
1083,清楚,4037
1084,营养,4029
1085,日晚,4027
1086,以下,4024
1087,传播者,4023
1088,司机,4023
1089,护目镜,4019
1090,试行,4013
1091,家长,4010
1092,证明,4004
1093,如下,4001
1094,不得,3998
1095,到来,3991
1096,首次,3988
1097,贵州,3986
1098,想到,3984
1099,钻石,3979
1100,万人,3977
1101,眼镜,3976
1102,她们,3975
1103,姐姐,3970
1104,同胞,3968
1105,机构,3967
1106,两次,3966
1107,回答,3965
1108,品牌,3965
1109,历史,3964
1110,更加,3964
1111,善良,3952
1112,跟着,3951
1113,样子,3944
1114,区域,3942
1115,南京,3939
1116,场所,3935
1117,腾讯,3928
1118,前往,3925
1119,我要,3921
1120,二次,3921
1121,回到,3921
1122,文化,3913
1123,名字,3910
1124,世界卫生组织,3909
1125,提出,3908
1126,价值,3907
1127,造谣,3901
1128,抵达,3899
1129,辽宁,3898
1130,细胞,3897
1131,我国,3892
1132,心疼,3891
1133,隐瞒,3890
1134,围观,3889
1135,委员会,3887
1136,女儿,3884
1137,一条,3875
1138,后来,3875
1139,人口,3874
1140,员工,3873
1141,时刻,3871
1142,热点,3870
1143,感受,3866
1144,流行,3865
1145,1000,3864
1146,贡献,3864
1147,母亲,3859
1148,河北,3858
1149,保证,3856
1150,很大,3855
1151,春天,3847
1152,看见,3829
1153,毕竟,3828
1154,认识,3823
1155,省份,3815
1156,教学,3815
1157,进展,3813
1158,家属,3813
1159,全世界,3813
1160,关心,3813
1161,临时,3811
1162,判断,3806
1163,第一个,3803
1164,引发,3801
1165,焦虑,3793
1166,变化,3789
1167,内容,3787
1168,发起,3781
1169,比如,3780
1170,传染源,3777
1171,实验,3777
1172,流行病学,3776
1173,认真,3775
1174,大王,3774
1175,怎样,3772
1176,党员,3771
1177,定点医院,3769
1178,高铁,3766
1179,太难,3760
1180,方便,3754
1181,超话,3752
1182,我家,3745
1183,处于,3744
1184,第一天,3743
1185,旅游,3736
1186,需求,3720
1187,适合,3717
1188,即将,3715
1189,飞机,3711
1190,机会,3709
1191,年前,3701
1192,酒店,3700
1193,听到,3698
1194,千万,3695
1195,搞笑,3694
1196,警察,3692
1197,明星,3689
1198,青年,3689
1199,一例,3684
1200,工作室,3679
1201,基础,3676
1202,寻找,3674
1203,宁夏,3674
1204,获悉,3672
1205,时代,3669
1206,困难,3667
1207,中医药大学,3656
1208,过来,3655
1209,难过,3649
1210,具体,3647
1211,大概,3641
1212,一群,3636
1213,家乡,3635
1214,哈哈,3634
1215,意识,3630
1216,没事,3629
1217,朋友圈,3627
1218,组长,3626
1219,人体,3617
1220,组成员,3608
1221,即使,3605
1222,早点,3594
1223,陶勇,3593
1224,公开,3591
1225,有个,3586
1226,官微,3578
1227,那种,3572
1228,剃光头,3569
1229,迅速,3553
1230,感恩,3550
1231,获得,3540
1232,家中,3539
1233,江南,3533
1234,工资,3526
1235,医务,3526
1236,拥有,3525
1237,符合,3523
1238,数字,3519
1239,一边,3517
1240,功能,3513
1241,长沙,3507
1242,许多,3498
1243,免疫,3494
1244,当然,3489
1245,紧缺,3486
1246,入院,3486
1247,粪便,3467
1248,几乎,3463
1249,女孩,3463
1250,最终,3458
1251,案例,3456
1252,竟然,3455
1253,他人,3453
1254,反应,3447
1255,挑战,3446
1256,感到,3445
1257,RNA,3445
1258,妻子,3441
1259,经常,3438
1260,阳光,3435
1261,偶像,3424
1262,一批,3419
1263,程度,3419
1264,任务,3419
1265,采购,3419
1266,说话,3418
1267,设计,3417
1268,还会,3414
1269,这位,3413
1270,权威,3412
1271,因此,3411
1272,奋斗,3409
1273,急需,3406
1274,舒服,3403
1275,上线,3403
1276,兄弟,3401
1277,它们,3394
1278,手术,3392
1279,实现,3390
1280,分别,3387
1281,长春,3386
1282,强调,3385
1283,以外,3384
1284,来到,3378
1285,开通,3376
1286,公安局,3375
1287,n95,3374
1288,中午,3372
1289,危重症,3372
1290,护理,3365
1291,最高,3365
1292,打开,3361
1293,传递,3359
1294,综合,3352
1295,新春,3352
1296,食物,3350
1297,利用,3349
1298,放心,3345
1299,自行,3339
1300,UNIQ,3333
1301,200,3325
1302,病毒感染,3323
1303,兰州,3323
1304,84,3317
1305,冬天,3317
1306,我妈,3316
1307,到达,3302
1308,心态,3300
1309,发货,3297
1310,不停,3295
1311,例新冠,3294
1312,所谓,3293
1313,安心,3292
1314,一周,3291
1315,没想到,3284
1316,考试,3269
1317,中考,3269
1318,百步亭,3264
1319,人人,3262
1320,发出,3261
1321,两周,3261
1322,接到,3259
1323,农村,3252
1324,喷雾,3243
1325,要是,3238
1326,发放,3234
1327,外卖,3233
1328,记住,3226
1329,父亲,3224
1330,病患,3223
1331,cn,3223
1332,学院,3222
1333,也许,3220
1334,解释,3217
1335,操作,3215
1336,新疆,3210
1337,受到,3208
1338,领导小组,3208
1339,行业,3204
1340,女子,3204
1341,研制,3202
1342,陆续,3200
1343,返回,3191
1344,简直,3189
1345,不再,3182
1346,老板,3178
1347,放假,3174
1348,铁路,3174
1349,民众,3170
1350,车厢,3163
1351,门口,3160
1352,初步,3156
1353,派出所,3155
1354,当年,3154
1355,多人,3150
1356,不可,3149
1357,道路,3146
1358,万元,3144
1359,有限,3143
1360,回去,3141
1361,好看,3138
1362,日前,3136
1363,郑州,3132
1364,精选,3132
1365,年度,3131
1366,瞬间,3130
1367,--,3124
1368,难道,3119
1369,游轮,3117
1370,输入,3116
1371,很快,3114
1372,UNINE,3114
1373,改善,3107
1374,暂停,3093
1375,好吃,3093
1376,不如,3087
1377,黑龙江,3086
1378,绝对,3086
1379,第一批,3083
1380,好转,3082
1381,当天,3081
1382,多个,3079
1383,长期,3076
1384,数量,3067
1385,昌都,3067
1386,地铁,3065
1387,人间,3060
1388,中科院,3055
1389,提升,3051
1390,全身,3051
1391,然而,3049
1392,通行,3047
1393,大部分,3044
1394,外面,3042
1395,线上,3040
1396,一个月,3035
1397,关闭,3033
1398,附近,3033
1399,帮忙,3022
1400,平凡,3021
1401,阶段,3016
1402,为何,3016
1403,年龄,3014
1404,无聊,3014
1405,选项,3009
1406,监测,3006
1407,上报,3005
1408,巡山,3004
1409,黄石,2999
1410,官员,2998
1411,路况,2998
1412,设备,2997
1413,送到,2997
1414,下来,2995
1415,抑郁症,2994
1416,医院院长,2994
1417,等待,2991
1418,阅读,2990
1419,不适,2987
1420,申请,2983
1421,爱情,2979
1422,下去,2974
1423,衣服,2969
1424,形势,2967
1425,基金会,2962
1426,仍然,2955
1427,接力,2955
1428,粪口,2952
1429,一路,2951
1430,韩国,2950
1431,照片,2946
1432,高校,2946
1433,统计,2934
1434,聚会,2932
1435,天生,2932
1436,咨询,2930
1437,青春,2929
1438,药品,2923
1439,战士,2920
1440,流动,2919
1441,哪个,2918
1442,90,2918
1443,统一,2910
1444,胜利,2909
1445,事儿,2909
1446,想想,2908
1447,推迟,2908
1448,同样,2906
1449,实际,2906
1450,暂时,2903
1451,此前,2903
1452,模式,2903
1453,福建,2902
1454,老公,2902
1455,分离,2893
1456,春暖花开,2892
1457,停止,2891
1458,日起,2891
1459,姐妹,2887
1460,口服液,2887
1461,真相,2886
1462,尊重,2886
1463,CT,2886
1464,元宵节,2880
1465,定点,2879
1466,假冒伪劣,2879
1467,一生,2874
1468,水平,2872
1469,男人,2869
1470,全家,2869
1471,科学家,2867
1472,老百姓,2865
1473,野花,2861
1474,广东省,2861
1475,背后,2858
1476,急寻,2852
1477,优秀,2844
1478,意思,2843
1479,呜呜,2842
1480,明明,2841
1481,奔赴,2838
1482,禁止,2832
1483,测试,2825
1484,一手,2825
1485,第三,2820
1486,有限公司,2819
1487,印发,2819
1488,WHO,2815
1489,解读,2814
1490,救援,2813
1491,慈善,2811
1492,邯郸,2808
1493,增长,2804
1494,同乘,2804
1495,洗手液,2802
1496,互联网,2802
1497,300,2797
1498,80,2797
1499,维生素,2797
1500,即可,2795
1501,细辛,2791
1502,远离,2790
1503,还好,2785
1504,去年,2783
1505,上升,2782
1506,想起,2778
1507,排毒,2777
1508,鄂州,2776
1509,中心医院,2773
1510,专用,2768
1511,歌手,2764
1512,客户端,2762
1513,职工,2760
1514,内蒙古,2759
1515,慢慢,2756
1516,事实,2755
1517,石正丽,2753
1518,小心,2750
1519,投票,2743
1520,现象,2740
1521,改变,2740
1522,接收,2739
1523,灾难,2737
1524,中华,2736
1525,后援会,2735
1526,首先,2733
1527,播报,2732
1528,别的,2731
1529,十堰,2730
1530,疾控,2729
1531,鼓励,2725
1532,为啥,2725
1533,生命安全,2720
1534,死亡率,2720
1535,婴儿,2719
1536,表达,2719
1537,03,2719
1538,学会,2714
1539,游戏,2712
1540,2003,2705
1541,投入,2704
1542,温柔,2703
1543,过度,2701
1544,表态,2700
1545,美食,2700
1546,合作,2698
1547,所长,2693
1548,作业,2693
1549,http,2690
1550,xz,2688
1551,朝阳医院,2685
1552,体内,2677
1553,补充,2676
1554,执行,2673
1555,打喷嚏,2672
1556,轻松,2670
1557,不足,2668
1558,依旧,2668
1559,自治区,2666
1560,不止,2664
1561,冠状,2660
1562,台湾,2658
1563,回忆,2657
1564,经验,2656
1565,王源,2654
1566,各类,2648
1567,临沂,2646
1568,建立,2645
1569,保暖,2645
1570,密集,2643
1571,创建,2642
1572,求求,2641
1573,节目,2641
1574,麻烦,2638
1575,质疑,2637
1576,携手,2633
1577,到位,2629
1578,可能性,2629
1579,一张,2629
1580,样本,2629
1581,第二天,2623
1582,有用,2622
1583,本身,2620
1584,负责人,2620
1585,采用,2620
1586,曾经,2619
1587,情人节,2618
1588,一旦,2617
1589,后面,2615
1590,出口,2615
1591,时光,2613
1592,令人,2611
1593,等等,2606
1594,激素,2606
1595,下面,2603
1596,爸妈,2602
1597,外地,2601
1598,为主,2596
1599,头发,2595
1600,渠道,2588
1601,清肺,2586
1602,成立,2584
1603,恶心,2581
1604,P4,2578
1605,听说,2577
1606,坚信,2577
1607,教育部,2574
1608,ICU,2573
1609,变得,2571
1610,到处,2569
1611,截止,2569
1612,从我做起,2569
1613,不知,2567
1614,限制,2565
1615,度过,2563
1616,远程,2559
1617,年货,2555
1618,领养,2555
1619,人士,2554
1620,工人,2552
1621,本人,2551
1622,推广,2545
1623,加上,2539
1624,演唱会,2538
1625,蔬菜,2538
1626,发声,2533
1627,入口,2532
1628,形成,2528
1629,可控,2526
1630,用心,2526
1631,态度,2525
1632,总体,2525
1633,昨晚,2524
1634,返乡,2523
1635,小伙伴,2522
1636,真果,2518
1637,信心,2517
1638,答案,2515
1639,半个,2514
1640,依法,2513
1641,手段,2507
1642,味道,2502
1643,年轻人,2501
1644,得病,2501
1645,好人,2501
1646,返校,2500
1647,反复,2499
1648,延期,2497
1649,肺部,2494
1650,阻断,2491
1651,WHS,2491
1652,战争史,2489
1653,如今,2488
1654,点击,2485
1655,哈尔滨,2484
1656,日行,2484
1657,过后,2480
1658,消防,2480
1659,多多,2476
1660,看来,2475
1661,刺激,2475
1662,派出,2474
1663,迎来,2473
1664,伤害,2472
1665,沈阳,2472
1666,四个,2470
1667,消失,2469
1668,......,2468
1669,奔赴前线,2468
1670,污染,2463
1671,李现,2463
1672,你好,2462
1673,火车站,2461
1674,研究员,2459
1675,41,2457
1676,高度,2446
1677,某些,2445
1678,祈祷,2444
1679,舒适,2442
1680,临床试验,2440
1681,总结,2439
1682,卫视,2437
1683,岗位,2433
1684,彻底,2431
1685,反正,2431
1686,宿主,2430
1687,多次,2430
1688,预测,2429
1689,担当,2428
1690,我省,2426
1691,严峻,2422
1692,至今,2421
1693,讨论,2420
1694,第五版,2416
1695,共渡难关,2415
1696,交通工具,2414
1697,盐城,2414
1698,流浪,2413
1699,施工,2413
1700,打电话,2412
1701,取得,2411
1702,保重,2410
1703,三天,2407
1704,会诊,2406
1705,联合国环境规划署,2403
1706,女人,2402
1707,空间,2399
1708,纳入,2398
1709,培训,2397
1710,多年,2396
1711,公交,2394
1712,深夜,2394
1713,质量,2391
1714,加快,2391
1715,天下,2389
1716,多地,2385
1717,投给,2383
1718,高级别,2380
1719,济宁,2380
1720,组成,2379
1721,公共场所,2377
1722,病毒传播,2376
1723,请战,2375
1724,小孩,2374
1725,公子,2374
1726,反而,2373
1727,一人,2370
1728,硬核,2369
1729,下班,2368
1730,美丽,2368
1731,西医,2366
1732,携带,2362
1733,39,2360
1734,警惕,2358
1735,默默,2357
1736,张文宏,2357
1737,接种,2356
1738,想象,2351
1739,大队,2344
1740,隔离病房,2343
1741,券后,2341
1742,推进,2336
1743,自愈,2335
1744,法律,2334
1745,38,2334
1746,怎么样,2332
1747,75,2332
1748,于是,2330
1749,系列,2329
1750,交通运输,2329
1751,常见,2328
1752,演员,2328
1753,邮轮,2325
1754,村民,2325
1755,列车,2324
1756,夫妻,2323
1757,处置,2321
1758,话题,2319
1759,直到,2318
1760,万个,2318
1761,不吃,2316
1762,无数,2309
1763,失去,2309
1764,手写,2309
1765,中间,2307
1766,电梯,2306
1767,各个,2306
1768,集体,2303
1769,上海市,2302
1770,推出,2302
1771,更是,2301
1772,昆明,2301
1773,巨大,2298
1774,年轻,2296
1775,慰问,2294
1776,早期,2294
1777,含有,2293
1778,一遍,2293
1779,不怕,2291
1780,女士,2288
1781,资讯,2285
1782,天使,2285
1783,温度,2284
1784,70,2284
1785,良好,2283
1786,证实,2282
1787,或许,2282
1788,物品,2281
1789,病原体,2279
1790,制定,2279
1791,源头,2278
1792,目标,2278
1793,哪怕,2275
1794,牺牲,2274
1795,良心,2274
1796,战争,2272
1797,运输,2268
1798,请问,2265
1799,轨迹,2264
1800,各级,2263
1801,基因,2261
1802,开放,2259
1803,银川,2258
1804,男孩,2256
1805,比例,2254
1806,北京朝阳医院,2254
1807,果然,2252
1808,亲人,2251
1809,小朋友,2244
1810,十分,2243
1811,之下,2242
1812,维护,2240
1813,健身,2240
1814,一件,2239
1815,总干事,2238
1816,余生,2238
1817,愿望,2234
1818,东方,2232
1819,每年,2231
1820,授课,2230
1821,发光,2229
1822,深入,2229
1823,自限性,2227
1824,一片,2226
1825,不易,2226
1826,新余,2226
1827,指出,2224
1828,恐惧,2224
1829,老年人,2223
1830,协调,2223
1831,卧槽,2221
1832,本次,2220
1833,吃药,2218
1834,升级,2218
1835,人心,2210
1836,早日康复,2210
1837,去过,2209
1838,进出,2207
1839,绿洲,2207
1840,意味着,2206
1841,一声,2201
1842,职业,2197
1843,满足,2196
1844,武汉大学,2195
1845,湘潭,2192
1846,黎明,2190
1847,凤凰,2189
1848,下单,2184
1849,不必,2182
1850,中华人民共和国,2182
1851,时艰,2178
1852,制作,2177
1853,所在,2177
1854,居住,2175
1855,全体,2174
1856,食用,2172
1857,英国,2170
1858,专门,2168
1859,省市,2168
1860,供应,2168
1861,急性,2160
1862,排队,2160
1863,类似,2159
1864,病区,2159
1865,科研,2158
1866,从来,2158
1867,家用,2157
1868,很难,2156
1869,九江,2156
1870,吉林,2155
1871,奶奶,2154
1872,乐观,2153
1873,快手,2153
1874,充满,2151
1875,公里,2151
1876,适当,2148
1877,不然,2147
1878,拜托,2146
1879,熬夜,2144
1880,涉及,2142
1881,一颗,2142
1882,问答,2142
1883,做出,2141
1884,感悟,2141
1885,周知,2139
1886,济南,2138
1887,刘宇宁,2138
1888,米奇,2138
1889,详细,2135
1890,内心,2133
1891,一半,2132
1892,毕业,2131
1893,37,2130
1894,干净,2129
1895,传统,2129
1896,最长,2128
1897,事业,2128
1898,2018,2124
1899,心中,2123
1900,尚未,2120
1901,动员,2119
1902,浑身,2119
1903,没什么,2118
1904,一是,2117
1905,瘟疫,2116
1906,运费,2115
1907,新年快乐,2114
1908,监督,2113
1909,襄樊,2113
1910,水果,2111
1911,温馨,2110
1912,婆婆,2110
1913,歌曲,2109
1914,级别,2108
1915,2000,2108
1916,遏制,2105
1917,逐渐,2104
1918,上课,2104
1919,除夕,2103
1920,现实,2103
1921,健健康康,2101
1922,一律,2097
1923,代言人,2097
1924,相对,2095
1925,疗效,2095
1926,可抑制,2095
1927,特点,2094
1928,敏感,2094
1929,必胜,2093
1930,房间,2092
1931,放在,2091
1932,奶茶,2091
1933,多种,2089
1934,襄阳,2088
1935,丈夫,2087
1936,青海,2086
1937,我会,2084
1938,醒来,2083
1939,晋城,2083
1940,45,2082
1941,59,2081
1942,苏州,2081
1943,夏目家,2078
1944,协和,2078
1945,饶毅,2078
1946,命名,2077
1947,真心,2076
1948,体验,2076
1949,比心,2076
1950,大连,2074
1951,诗哥,2074
1952,头像,2073
1953,干嘛,2071
1954,首发,2071
1955,癌症,2069
1956,守望相助,2066
1957,春节假期,2065
1958,力度,2065
1959,本地,2064
1960,同志,2063
1961,设置,2061
1962,赤峰,2059
1963,随后,2055
1964,痛苦,2054
1965,肇庆,2054
1966,加大,2051
1967,长治,2051
1968,辽源,2050
1969,允许,2049
1970,战场,2049
1971,早就,2048
1972,一省,2048
1973,异常,2046
1974,道理,2045
1975,进去,2044
1976,周先旺,2043
1977,追踪,2042
1978,危重,2041
1979,杀死,2041
1980,一家人,2041
1981,床上,2041
1982,生日,2040
1983,重新,2038
1984,形式,2038
1985,管理局,2038
1986,忘记,2037
1987,评估,2035
1988,舞台,2035
1989,呼和浩特,2033
1990,安利,2033
1991,战役,2032
1992,一篇,2032
1993,区别,2031
1994,博士,2030
1995,用户,2028
1996,孕妇,2027
1997,包一市,2026
1998,幸运,2023
1999,志愿,2023
2000,暴露,2019
2001,温州,2019
2002,现有,2018
2003,感情,2018
2004,捐献,2016
2005,信阳,2013
2006,成长,2013
2007,成分,2012
2008,随时,2011
2009,中国工程院,2011
2010,医药,2011
2011,切断,2010
2012,共有,2005
2013,过敏,2004
2014,制造,2001
2015,发挥,2001
2016,yu,1998
2017,城区,1995
2018,氯喹,1995
2019,文明,1992
2020,近距离,1991
2021,白衣,1991
2022,组合,1988
2023,淘宝,1988
2024,留下,1987
2025,35,1987
2026,党员干部,1987
2027,前期,1986
2028,共克,1986
2029,宅家,1984
2030,游客,1983
2031,上面,1983
2032,故意,1978
2033,这才,1978
2034,弟弟,1977
2035,高效,1976
2036,第二批,1976
2037,谢谢你们,1974
2038,承担,1973
2039,口腔,1973
2040,规范,1972
2041,报名,1972
2042,指定,1970
2043,复产,1970
2044,检验,1969
2045,汉口,1968
2046,人为,1967
2047,想着,1966
2048,后续,1966
2049,自觉,1965
2050,开工,1960
2051,段时间,1959
2052,头痛,1959
2053,绿发会,1959
2054,放松,1958
2055,加重,1957
2056,亲爱,1957
2057,勇敢,1957
2058,值班,1955
2059,R1SE,1955
2060,樱花,1955
2061,我爸,1954
2062,饮食,1954
2063,亚洲,1953
2064,物业,1948
2065,作者,1947
2066,心灵,1947
2067,甲类,1940
2068,算是,1938
2069,眼泪,1938
2070,空调,1937
2071,大夫,1937
2072,上学,1934
2073,花园,1932
2074,发言人,1932
2075,那里,1932
2076,马甲,1932
2077,告知,1929
2078,开车,1929
2079,一步,1928
2080,境内,1928
2081,体温计,1928
2082,四川省,1927
2083,似乎,1927
2084,自由,1926
2085,消毒水,1924
2086,低于,1920
2087,硝烟,1919
2088,太阳,1919
2089,元宵,1919
2090,阳泉,1919
2091,白岩松,1916
2092,出生,1914
2093,劳动,1914
2094,用品,1913
2095,广播,1913
2096,日至,1913
2097,Tiger,1913
2098,强化,1911
2099,澎湃,1911
2100,漳州,1910
2101,朔州,1909
2102,基金,1908
2103,投资,1907
2104,起床,1905
2105,大学生,1904
2106,原本,1903
2107,120,1903
2108,肌肤,1903
2109,说法,1900
2110,锻炼,1900
2111,周边,1898
2112,要么,1897
2113,多久,1894
2114,举办,1893
2115,亿元,1893
2116,费用,1892
2117,可怜,1892
2118,临床表现,1890
2119,同济,1890
2120,对口,1889
2121,这件,1887
2122,详情,1887
2123,危害,1887
2124,01,1886
2125,服用,1886
2126,COVID,1886
2127,作品,1885
2128,梦想,1884
2129,队伍,1882
2130,染病,1881
2131,构成,1881
2132,浓度,1880
2133,表明,1880
2134,传谣,1880
2135,既然,1880
2136,防护用品,1880
2137,据悉,1879
2138,用来,1878
2139,中国科学院,1877
2140,全程,1877
2141,等到,1875
2142,筛查,1875
2143,加班,1873
2144,抚州,1873
2145,妹妹,1872
2146,腹泻,1871
2147,这一,1869
2148,恐怖,1868
2149,一段,1867
2150,享受,1866
2151,建成,1866
2152,究竟,1864
2153,摩登,1864
2154,天天向上,1863
2155,资金,1862
2156,大多数,1861
2157,有序,1860
2158,应用,1860
2159,随便,1859
2160,玫瑰,1857
2161,精彩,1855
2162,抽奖,1854
2163,节奏,1853
2164,老婆,1853
2165,此外,1853
2166,名单,1851
2167,见到,1850
2168,应援,1850
2169,精心,1850
2170,足够,1848
2171,骄傲,1847
2172,新加坡,1846
2173,指教,1844
2174,第四版,1843
2175,天津市,1843
2176,办理,1840
2177,脑子,1839
2178,个省,1839
2179,蛋糕,1838
2180,医者,1837
2181,总会,1837
2182,喝酒,1837
2183,宜春,1837
2184,太原,1836
2185,指导组,1836
2186,切实,1833
2187,爷爷,1833
2188,阿里,1832
2189,强大,1829
2190,大年初一,1829
2191,东营,1828
2192,33,1827
2193,损伤,1826
2194,冬季,1825
2195,青岛,1823
2196,陪伴,1822
2197,走路,1821
2198,....,1820
2199,文件,1820
2200,救命,1820
2201,修复,1819
2202,始终,1817
2203,专访,1816
2204,那样,1815
2205,工厂,1815
2206,道歉,1815
2207,智能,1813
2208,公安机关,1811
2209,精准,1810
2210,典型,1810
2211,差不多,1809
2212,汽车,1804
2213,智慧,1804
2214,大众,1803
2215,线下,1803
2216,包头,1803
2217,养生,1800
2218,海南省,1800
2219,市委,1799
2220,感染力,1799
2221,野生,1798
2222,电脑,1796
2223,姑娘,1793
2224,经典,1792
2225,奉献,1791
2226,指挥,1791
2227,缺乏,1790
2228,赶快,1790
2229,纷纷,1790
2230,买菜,1790
2231,大使,1790
2232,乌海,1789
2233,沟通,1789
2234,两种,1788
2235,坚强,1784
2236,完美,1784
2237,阿姨,1784
2238,肆虐,1783
2239,一点点,1783
2240,lwh,1783
2241,举措,1782
2242,几率,1781
2243,对话,1781
2244,消防员,1781
2245,半夜,1780
2246,号召,1780
2247,减轻,1778
2248,也好,1778
2249,两名,1773
2250,百度,1773
2251,看病,1773
2252,得知,1772
2253,临汾,1772
2254,文字,1771
2255,心愿,1770
2256,成绩,1767
2257,火车,1766
2258,全力以赴,1765
2259,防治法,1764
2260,复杂,1763
2261,体外,1762
2262,国外,1761
2263,两例,1760
2264,面临,1758
2265,保佑,1757
2266,百姓,1756
2267,解答,1755
2268,思考,1754
2269,邀请,1753
2270,河南省,1753
2271,时至,1753
2272,包邮,1753
2273,天后,1752
2274,咱们,1750
2275,防线,1750
2276,上饶,1750
2277,诊治,1749
2278,乙类,1748
2279,via,1748
2280,珍惜,1748
2281,免疫系统,1745
2282,预约,1744
2283,这边,1744
2284,嫌疑人,1744
2285,艾滋病,1743
2286,关爱,1743
2287,病原,1742
2288,天猫,1742
2289,太好了,1741
2290,免洗,1739
2291,下水道,1737
2292,状况,1737
2293,协会,1737
2294,聚焦,1735
2295,食品,1734
2296,睡眠,1734
2297,颗粒,1734
2298,军人,1734
2299,喊话,1733
2300,锦州,1733
2301,接诊,1732
2302,紧急通知,1731
2303,相比,1730
2304,多家,1728
2305,领域,1727
2306,挺住,1727
2307,岁月,1726
2308,京东,1725
2309,对抗,1725
2310,十年,1725
2311,生气,1724
2312,共抗,1721
2313,不幸,1720
2314,而已,1718
2315,政治,1718
2316,首个,1718
2317,寒假,1716
2318,效率,1715
2319,存活,1714
2320,案件,1714
2321,加速,1713
2322,没人,1713
2323,立刻,1710
2324,高三,1709
2325,热爱,1707
2326,伤口,1707
2327,民族,1706
2328,博主,1706
2329,请求,1704
2330,多么,1702
2331,身份,1701
2332,曝光,1700
2333,曲线,1699
2334,头晕,1699
2335,甘肃省,1698
2336,返岗,1698
2337,提到,1696
2338,老家,1695
2339,路段,1695
2340,当日,1694
2341,现货,1693
2342,电视,1692
2343,大规模,1691
2344,打算,1691
2345,实力,1691
2346,整理,1690
2347,透气,1690
2348,接下来,1687
2349,那天,1686
2350,业务,1686
2351,漂亮,1686
2352,记忆,1686
2353,拿到,1684
2354,犯罪,1683
2355,朱正廷,1682
2356,俄罗斯,1681
2357,长时间,1681
2358,上门,1681
2359,新华社,1680
2360,因素,1680
2361,意外,1680
2362,厕所,1679
2363,失败,1678
2364,能否,1678
2365,给予,1677
2366,火锅,1677
2367,长大,1677
2368,行程,1676
2369,舒红兵,1676
2370,测温,1675
2371,违法,1675
2372,其它,1673
2373,子女,1672
2374,中医院,1671
2375,隔离霜,1671
2376,__,1670
2377,厦门,1668
2378,复制,1668
2379,时尚,1668
2380,一段时间,1667
2381,否则,1667
2382,欢迎,1667
2383,只会,1666
2384,不得不,1666
2385,起到,1666
2386,植物,1665
2387,律师,1663
2388,有时候,1663
2389,前面,1662
2390,今天下午,1662
2391,小哥,1662
2392,医保,1662
2393,留给,1660
2394,主任医师,1660
2395,教师,1659
2396,带领,1659
2397,充足,1656
2398,群里,1656
2399,大幅,1656
2400,随州,1655
2401,平稳,1654
2402,人民网,1653
2403,对待,1652
2404,对此,1652
2405,MV,1650
2406,出入口,1649
2407,哪有什么,1649
2408,批准,1648
2409,基于,1648
2410,video,1648
2411,云南省,1647
2412,白天,1645
2413,透露,1643
2414,到手,1641
2415,吕梁,1641
2416,不去,1640
2417,之外,1640
2418,商品,1640
2419,向上,1640
2420,难以,1638
2421,治理,1638
2422,参考,1635
2423,有所,1635
2424,电子,1635
2425,各项,1635
2426,献爱心,1633
2427,合肥,1632
2428,最小,1632
2429,移动,1631
2430,理由,1629
2431,什么样,1628
2432,搜索,1626
2433,整治,1626
2434,制度,1625
2435,血液,1625
2436,神奇,1625
2437,爱会,1625
2438,医师,1624
2439,营业,1624
2440,泪目,1624
2441,用药,1624
2442,各大,1623
2443,拥抱,1622
2444,一个个,1621
2445,流程,1620
2446,喷洒,1620
2447,一瓶,1619
2448,业主,1618
2449,救人,1618
2450,几年,1617
2451,多名,1616
2452,缺口,1616
2453,穿着,1615
2454,是从,1615
2455,娱乐,1613
2456,及其,1613
2457,上市,1613
2458,程序,1612
2459,难关,1611
2460,善待,1611
2461,吉利,1611
2462,全记录,1610
2463,资料,1607
2464,平均,1607
2465,鼠年,1607
2466,日报,1607
2467,执勤,1607
2468,热线,1606
2469,19.9,1606
2470,全是,1605
2471,周围,1604
2472,使命,1603
2473,材料,1602
2474,商场,1602
2475,东北,1602
2476,进口,1602
2477,唐山,1601
2478,亲戚,1599
2479,南宁,1598
2480,阻止,1595
2481,透明,1595
2482,国家中医药管理局,1593
2483,天然,1593
2484,月份,1592
2485,成员,1590
2486,电视剧,1590
2487,绥化,1590
2488,收藏,1588
2489,其余,1587
2490,辣条娘,1586
2491,净化,1585
2492,初期,1584
2493,这份,1583
2494,体会,1583
2495,试验,1583
2496,表面,1582
2497,嗓子,1582
2498,总台,1579
2499,同意,1578
2500,二是,1578
2501,当下,1576
2502,48,1575
2503,崩溃,1575
2504,对不起,1574
2505,黄冈市,1573
2506,武昌,1571
2507,森林,1570
2508,02,1570
2509,应当,1570
2510,磷酸,1570
2511,红包,1569
2512,风吹,1568
2513,午后,1568
2514,科普知识,1568
2515,独立,1564
2516,开会,1563
2517,人性,1563
2518,猫咪,1562
2519,英语,1562
2520,周末,1560
2521,抑菌,1560
2522,景德镇,1559
2523,高烧,1558
2524,极危,1558
2525,大型,1557
2526,34,1557
2527,并非,1556
2528,量体温,1556
2529,抑郁,1556
2530,淄博,1555
2531,萍乡,1555
2532,忍不住,1554
2533,心脏,1554
2534,阿比,1554
2535,赚钱,1553
2536,凯旋,1553
2537,医学科,1553
2538,小学,1552
2539,集结,1552
2540,张定宇,1551
2541,牛奶,1550
2542,伪劣,1550
2543,带上,1546
2544,拼命,1546
2545,bot,1546
2546,衡阳,1545
2547,36,1544
2548,3000,1542
2549,小姐姐,1542
2550,表演,1541
2551,二月,1541
2552,概率,1538
2553,中成药,1538
2554,车站,1537
2555,偶尔,1537
2556,重工,1536
2557,要点,1535
2558,呵呵,1535
2559,客流,1535
2560,艰难,1534
2561,拜年,1532
2562,对方,1532
2563,康复者,1532
2564,合理,1531
2565,呕吐,1531
2566,板蓝根,1531
2567,潜在,1530
2568,下载,1530
2569,运营,1529
2570,孝感市,1529
2571,昨日,1527
2572,保安,1527
2573,无力,1526
2574,快快,1526
2575,出入,1525
2576,贵阳,1525
2577,这家,1523
2578,遇见,1523
2579,贵州省,1521
2580,命令,1521
2581,看过,1520
2582,大约,1519
2583,菜菜,1519
2584,先锋,1517
2585,亿人,1516
2586,序列,1516
2587,失眠,1514
2588,胸闷,1514
2589,QQ,1514
2590,看起来,1514
2591,注意安全,1513
2592,湖北省委,1512
2593,多天,1511
2594,眼科,1511
2595,掌握,1510
2596,意见,1510
2597,连线,1510
2598,很少,1510
2599,人民政府,1508
2600,石家庄,1507
2601,探访,1506
2602,防护眼镜,1506
2603,44,1505
2604,财经,1504
2605,于彦舒,1503
2606,室内,1501
2607,睡不着,1500
2608,鼠疫,1500
2609,聊天,1500
2610,狗狗,1498
2611,安康,1498
2612,机关,1498
2613,热门,1498
2614,厨房,1495
2615,宁波,1494
2616,三亚,1493
2617,减肥,1492
2618,金融,1492
2619,武汉协和医院,1492
2620,流泪,1491
2621,宜昌,1491
2622,42,1490
2623,中国女排,1490
2624,没错,1489
2625,福利,1489
2626,科比,1487
2627,清零,1487
2628,医科大学,1486
2629,筑牢,1486
2630,理想,1486
2631,广场,1485
2632,外省,1485
2633,往往,1485
2634,月底,1484
2635,京报,1484
2636,工程,1483
2637,这时候,1483
2638,结婚,1483
2639,华为,1483
2640,草莓,1482
2641,群体,1481
2642,救救,1481
2643,快转,1481
2644,强制,1480
2645,一辆,1480
2646,出色,1480
2647,小飞侠,1480
2648,当初,1479
2649,创新,1479
2650,承认,1479
2651,医学院,1478
2652,荆州,1478
2653,作出,1477
2654,吐槽,1477
2655,驾驶,1477
2656,旁边,1476
2657,澳大利亚,1476
2658,女生,1476
2659,湿巾,1474
2660,抚顺,1474
2661,仿佛,1473
2662,疯狂,1472
2663,乖乖,1472
2664,上网,1472
2665,刚才,1470
2666,淡然处之,1469
2667,头疼,1468
2668,几次,1465
2669,交付,1465
2670,运行,1465
2671,盘锦,1465
2672,患病,1464
2673,科室,1464
2674,澳洲,1463
2675,马国强,1463
2676,三次,1461
2677,位置,1461
2678,保湿,1458
2679,大师,1457
2680,密切,1455
2681,依据,1454
2682,开窗,1454
2683,国产,1454
2684,同一,1452
2685,一堆,1452
2686,准确,1451
2687,优先,1451
2688,国人,1450
2689,预警,1450
2690,疼痛,1446
2691,退票,1442
2692,危机,1442
2693,促进,1441
2694,打击,1440
2695,博拉,1439
2696,一座,1439
2697,99,1438
2698,最早,1437
2699,创造,1437
2700,突破,1436
2701,气死我了,1436
2702,万事,1434
2703,暖心,1434
2704,错过,1434
2705,ID,1434
2706,我爱你,1434
2707,主人,1433
2708,新鲜,1433
2709,气死,1432
2710,29.9,1432
2711,69,1432
2712,艺术,1431
2713,分类,1430
2714,门把手,1427
2715,路口,1427
2716,家宴,1427
2717,海口,1426
2718,右边,1426
2719,光明,1426
2720,表情,1425
2721,逻辑,1425
2722,大爷,1425
2723,没用,1424
2724,收入,1424
2725,棉片,1423
2726,唱歌,1423
2727,歧视,1423
2728,快来,1423
2729,APP,1422
2730,目的,1421
2731,实用,1421
2732,全都,1419
2733,新华,1419
2734,再也,1418
2735,理性,1418
2736,课程,1418
2737,学术,1417
2738,大会,1416
2739,的确,1416
2740,主题,1414
2741,追星,1413
2742,功效,1413
2743,想法,1411
2744,月亮,1410
2745,大人,1409
2746,听听,1407
2747,高发,1407
2748,适用,1406
2749,查处,1405
2750,该院,1404
2751,岳阳,1404
2752,傍晚,1403
2753,首封,1403
2754,考生,1403
2755,忙碌,1402
2756,不准,1402
2757,消毒剂,1400
2758,西宁,1400
2759,疗法,1400
2760,纯甄,1400
2761,配方,1399
2762,据说,1399
2763,慢性,1399
2764,艺人,1399
2765,近视,1399
2766,正是,1398
2767,错误,1397
2768,差点,1397
2769,邢台,1396
2770,一会,1395
2771,添乱,1394
2772,互相,1394
2773,完善,1394
2774,十天,1394
2775,仪式,1393
2776,转给,1393
2777,南方,1392
2778,对象,1392
2779,ing,1392
2780,海外,1391
2781,等于,1390
2782,必备品,1390
2783,洗澡,1389
2784,黑暗,1389
2785,航空,1388
2786,此刻,1388
2787,抵抗,1387
2788,喉咙,1387
2789,伤医,1384
2790,可用,1383
2791,四平,1383
2792,遭遇,1382
2793,奇迹,1382
2794,报警,1381
2795,废弃,1381
2796,武漢,1380
2797,阿云嘎,1380
2798,农历,1378
2799,坚守岗位,1378
2800,初心,1376
2801,李子,1376
2802,机票,1374
2803,病魔,1374
2804,原价,1374
2805,万一,1372
2806,孤单,1370
2807,消除,1370
2808,一道,1369
2809,幼儿园,1369
2810,背景,1367
2811,原则,1366
2812,争取,1366
2813,工业,1366
2814,连日来,1366
2815,医患,1365
2816,市政府,1365
2817,阻击,1365
2818,先后,1364
2819,购物,1363
2820,疫病,1362
2821,安静,1361
2822,两位,1361
2823,吸收,1359
2824,半年,1359
2825,浙江省,1359
2826,天佑,1358
2827,披露,1358
2828,绝望,1358
2829,保险,1357
2830,博文,1357
2831,大理,1357
2832,合适,1356
2833,包机,1356
2834,纪录片,1354
2835,人才,1354
2836,播放,1354
2837,浪费,1354
2838,做法,1353
2839,对比,1353
2840,查询,1353
2841,群英谱,1352
2842,基地,1351
2843,赛跑,1351
2844,丰富,1351
2845,开发,1350
2846,一口,1350
2847,英俊,1349
2848,有时,1349
2849,前方,1349
2850,夏天,1349
2851,建设者,1349
2852,科技部,1349
2853,全区,1348
2854,观点,1347
2855,华西,1346
2856,法院,1346
2857,改造,1346
2858,体系,1345
2859,镜头,1345
2860,整体,1344
2861,之类,1343
2862,小时候,1343
2863,广泛,1342
2864,禽流感,1342
2865,保定,1342
2866,专项,1342
2867,大哥,1342
2868,连夜,1340
2869,走访,1340
2870,这条,1340
2871,小伙,1339
2872,非法,1337
2873,优惠券,1337
2874,..,1337
2875,鼻子,1336
2876,共计,1336
2877,教训,1335
2878,执法,1335
2879,看点,1334
2880,查获,1334
2881,摄影,1333
2882,见面,1333
2883,耐高温,1332
2884,酸痛,1332
2885,后期,1331
2886,脸上,1330
2887,大多,1330
2888,指数,1330
2889,鞍山,1330
2890,无奈,1329
2891,无辜,1328
2892,评价,1326
2893,声明,1325
2894,消杀,1325
2895,锦鲤,1324
2896,绵阳,1323
2897,隔离区,1322
2898,印象,1321
2899,铁岭,1320
2900,此时,1319
2901,这名,1319
2902,独家,1318
2903,治愈率,1318
2904,全线,1317
2905,正好,1316
2906,无需,1316
2907,大兴安岭,1316
2908,苹果,1315
2909,晚会,1314
2910,人流,1313
2911,来临,1312
2912,好不容易,1311
2913,雕琢,1311
2914,讨厌,1310
2915,画面,1310
2916,恶意,1309
2917,没法,1308
2918,颜色,1308
2919,封路,1307
2920,军事,1306
2921,试剂,1306
2922,一心,1306
2923,内部,1305
2924,曾光,1304
2925,完整,1304
2926,不戴,1303
2927,务必,1303
2928,季节,1303
2929,筛选,1303
2930,试试,1303
2931,那边,1302
2932,莆田,1302
2933,过于,1301
2934,协助,1301
2935,急诊,1299
2936,一杯,1299
2937,太多,1299
2938,小米,1299
2939,星期,1297
2940,疲劳,1297
2941,细节,1297
2942,告急,1297
2943,怀孕,1297
2944,节后,1296
2945,一套,1296
2946,生日快乐,1296
2947,膳食,1296
2948,老人家,1295
2949,拿出,1295
2950,优势,1294
2951,星星,1293
2952,齐心协力,1293
2953,90%,1293
2954,热干面,1293
2955,下发,1292
2956,涉嫌,1291
2957,检出,1291
2958,大赏,1291
2959,角度,1289
2960,代言,1289
2961,增多,1288
2962,逃避,1288
2963,扶贫,1288
2964,类型,1288
2965,实名,1288
2966,提问,1287
2967,抢购,1287
2968,著名,1286
2969,大爱,1285
2970,一部分,1285
2971,HPV,1284
2972,钓鱼,1283
2973,蛋白,1282
2974,收拾,1281
2975,放过,1281
2976,手册,1279
2977,发文,1279
2978,检疫,1279
2979,打针,1279
2980,就近,1278
2981,维持,1278
2982,进步,1277
2983,周深,1277
2984,女护士,1277
2985,民间,1275
2986,小可爱,1275
2987,招生,1275
2988,首页,1274
2989,安阳,1274
2990,安慰,1273
2991,温和,1273
2992,退烧,1272
2993,县城,1272
2994,走进,1271
2995,礼物,1270
2996,红色,1270
2997,监工,1270
2998,轉發,1269
2999,火灾,1269
3000,非要,1268
3001,流鼻涕,1268
3002,一款,1267
3003,无人,1267
3004,毒株,1267
3005,鄂尔多斯,1267
3006,戴上,1266
3007,客运,1265
3008,新歌,1265
3009,陈伟霆,1265
3010,扩大,1264
3011,五个,1264
3012,面罩,1264
3013,消灭,1263
3014,概念,1263
3015,吉林省,1263
3016,毫无,1263
3017,睡着,1263
3018,鸡蛋,1263
3019,中南,1263
3020,介入,1263
3021,防病毒,1261
3022,返家,1261
3023,一支,1260
3024,直击,1259
3025,注册,1259
3026,奇怪,1257
3027,想见,1257
3028,5000,1257
3029,大自然,1257
3030,按摩,1256
3031,重磅,1254
3032,监护室,1254
3033,杨洋,1254
3034,有望,1253
3035,何时,1252
3036,车次,1252
3037,笑话,1252
3038,49,1251
3039,交流,1249
3040,推动,1248
3041,生死,1248
3042,分局,1247
3043,福州,1247
3044,招聘,1246
3045,山东省,1246
3046,微博上,1245
3047,CoV,1245
3048,不住,1244
3049,特征,1243
3050,比赛,1243
3051,征用,1243
3052,基本上,1242
3053,面膜,1242
3054,坐在,1241
3055,勇气,1241
3056,菊花,1239
3057,损失,1238
3058,省长,1238
3059,覆盖,1238
3060,受伤,1237
3061,可惜,1237
3062,仅仅,1237
3063,两人,1234
3064,奖励,1234
3065,而言,1233
3066,衣物,1230
3067,传来,1230
3068,结论,1230
3069,笑容,1229
3070,负担,1229
3071,新生儿,1229
3072,小赞,1229
3073,事故,1228
3074,总有,1228
3075,喷嚏,1227
3076,支付,1227
3077,微生物,1226
3078,封村,1226
3079,一把,1226
3080,官博,1226
3081,防御战,1226
3082,小小,1225
3083,林俊杰,1224
3084,公交车,1223
3085,德国,1223
3086,春季,1223
3087,留在,1222
3088,电视台,1222
3089,医疗器械,1222
3090,出租车,1221
3091,尽管,1220
3092,巡逻,1220
3093,第一名,1220
3094,突发事件,1219
3095,讲话,1219
3096,柳州,1219
3097,最新消息,1219
3098,sars,1217
3099,休假,1217
3100,晋江,1217
3101,王延轶,1217
3102,补助,1216
3103,自愿,1215
3104,前后,1215
3105,剩下,1214
3106,做饭,1214
3107,迎接,1214
3108,商家,1214
3109,厨艺,1214
3110,改名,1214
3111,信任,1213
3112,物流,1213
3113,育儿,1213
3114,随意,1212
3115,公民,1211
3116,95,1211
3117,全新,1211
3118,徐州,1211
3119,歌声,1211
3120,处罚,1211
3121,畅通,1210
3122,党委,1210
3123,银行,1210
3124,师傅,1209
3125,好运,1209
3126,自主,1209
3127,适应,1208
3128,重庆市,1208
3129,在于,1207
3130,菏泽,1207
3131,平衡,1207
3132,紫外线,1207
3133,攻击,1205
3134,熟悉,1204
3135,首席,1204
3136,乱跑,1204
3137,次列车,1203
3138,芜湖,1203
3139,转存,1203
3140,敬佩,1201
3141,言论,1201
3142,金泰,1201
3143,自动,1200
3144,不算,1200
3145,流感病毒,1200
3146,一辈子,1200
3147,势力,1199
3148,喝水,1198
3149,普及,1198
3150,狂睡,1198
3151,王牌,1198
3152,再说,1197
3153,库存,1197
3154,轻微,1196
3155,食堂,1196
3156,挂件,1196
3157,审批,1195
3158,十八,1194
3159,喜乐,1194
3160,德州,1194
3161,回国,1192
3162,说实话,1192
3163,体征,1192
3164,男女,1191
3165,网民,1191
3166,路过,1191
3167,纪录,1191
3168,顺丰,1189
3169,设施,1189
3170,无知,1188
3171,高中,1188
3172,CDC,1187
3173,进来,1187
3174,自从,1187
3175,收获,1187
3176,说出,1187
3177,柔软,1187
3178,便宜,1187
3179,接近,1186
3180,深圳市,1186
3181,冯录,1186
3182,峰值,1185
3183,zf,1184
3184,交易,1183
3185,祝愿,1183
3186,邻居,1183
3187,日期,1181
3188,西安市,1181
3189,监管,1180
3190,地址,1180
3191,第四,1180
3192,立马,1180
3193,胶囊,1180
3194,勇士,1180
3195,双向,1179
3196,呵护,1179
3197,最佳,1179
3198,研究院,1179
3199,东京,1178
3200,除夕夜,1178
3201,地震,1177
3202,宿舍,1176
3203,神经,1176
3204,恳请,1176
3205,32,1175
3206,时许,1174
3207,耳朵,1174
3208,无锡,1173
3209,水族馆,1173
3210,黄金,1172
3211,充分,1172
3212,河北省,1171
3213,标本,1171
3214,廊坊,1171
3215,位于,1170
3216,笑了笑,1169
3217,快讯,1169
3218,属实,1168
3219,消化,1168
3220,公路,1168
3221,神器,1168
3222,.....,1167
3223,严禁,1167
3224,网课,1166
3225,打麻将,1166
3226,春运期间,1165
3227,团圆,1164
3228,考研,1164
3229,转入,1164
3230,洗衣机,1164
3231,杂志,1164
3232,转移,1164
3233,哥儿,1163
3234,别说,1163
3235,逝者,1163
3236,未知,1162
3237,情感,1162
3238,改革,1162
3239,病床,1162
3240,内衣,1160
3241,入境,1160
3242,认定,1159
3243,脑袋,1159
3244,询问,1158
3245,疲惫,1158
3246,病菌,1157
3247,交通管制,1157
3248,神仙,1156
3249,设立,1156
3250,表白,1156
3251,赶往,1156
3252,乡镇,1155
3253,不退,1155
3254,说起,1155
3255,威海,1153
3256,时起,1153
3257,小猫,1153
3258,见证,1152
3259,800,1152
3260,隔壁,1151
3261,义无反顾,1151
3262,体育,1150
3263,毛病,1150
3264,帮帮,1149
3265,短缺,1149
3266,德塞,1149
3267,湛江,1149
3268,给出,1148
3269,坚定,1147
3270,调研,1147
3271,使得,1146
3272,探亲,1146
3273,行政,1145
3274,课堂,1145
3275,配发,1145
3276,戴好,1144
3277,肌肉,1144
3278,哪儿,1144
3279,纯良,1143
3280,绝不,1143
3281,微笑,1143
3282,手上,1142
3283,村里,1142
3284,支撑,1141
3285,百万,1141
3286,逐步,1141
3287,白色,1140
3288,串门,1139
3289,安检,1139
3290,浏览器,1138
3291,简称,1138
3292,客厅,1137
3293,省政府,1136
3294,像是,1136
3295,献血,1136
3296,卫生间,1135
3297,做事,1135
3298,接管,1135
3299,高兴,1134
3300,讲述,1134
3301,办公厅,1133
3302,山西省,1133
3303,宇宙,1133
3304,动作,1132
3305,体质,1132
3306,事项,1131
3307,核实,1131
3308,运转,1131
3309,创作,1131
3310,产能,1131
3311,了不起,1129
3312,欧美,1128
3313,物质,1128
3314,顶级,1128
3315,小儿,1126
3316,退休,1126
3317,恭喜,1126
3318,四大,1126
3319,突出,1126
3320,新药,1126
3321,规律,1125
3322,干燥,1125
3323,乡村,1124
3324,在外,1123
3325,货车,1122
3326,清晰,1122
3327,反映,1121
3328,各省,1120
3329,孤独,1120
3330,对外,1120
3331,殿下,1120
3332,较大,1119
3333,恢复正常,1119
3334,不该,1119
3335,停运,1119
3336,不信谣,1118
3337,呼吸科,1118
3338,流传,1118
3339,搭配,1116
3340,药房,1115
3341,思想,1115
3342,收集,1115
3343,仔细,1114
3344,尼玛,1114
3345,恋爱,1113
3346,源于,1113
3347,KN95,1112
3348,气温,1111
3349,负重,1111
3350,泰安,1111
3351,或是,1110
3352,早晨,1110
3353,消费,1110
3354,关键时刻,1110
3355,添加,1110
3356,上次,1109
3357,两年,1109
3358,协和医院,1109
3359,56,1109
3360,行走,1108
3361,这句,1107
3362,惠州,1107
3363,66,1106
3364,房子,1106
3365,一面,1106
3366,55,1106
3367,失信,1106
3368,600,1105
3369,第二次,1104
3370,天内,1103
3371,运送,1103
3372,送给,1102
3373,无情,1102
3374,伴有,1101
3375,一块,1101
3376,大年三十,1101
3377,名新冠,1101
3378,碰到,1100
3379,机器人,1099
3380,非洲,1099
3381,期盼,1099
3382,山雷,1099
3383,包装,1098
3384,后果,1098
3385,辽宁省,1097
3386,年纪,1097
3387,相似,1096
3388,年底,1095
3389,惊喜,1095
3390,走出,1095
3391,呼吸机,1095
3392,传染给,1094
3393,卫生部,1094
3394,北大,1094
3395,脱贫,1094
3396,400,1094
3397,测量,1093
3398,擦拭,1093
3399,20200202,1092
3400,第二个,1092
3401,当中,1092
3402,有趣,1092
3403,平常,1091
3404,抗生素,1091
3405,副局长,1091
3406,客户,1090
3407,担忧,1090
3408,利益,1090
3409,处方,1090
3410,演讲,1089
3411,优质,1088
3412,高龄,1088
3413,一碗,1087
3414,护士长,1087
3415,安好,1086
3416,正月十五,1086
3417,解析,1086
3418,凤凰网,1086
3419,服务中心,1084
3420,小组,1084
3421,原创,1084
3422,前两天,1083
3423,呈现,1083
3424,芒果,1082
3425,引导,1081
3426,倡议,1081
3427,决策,1081
3428,遗憾,1081
3429,刻不容缓,1081
3430,李医生,1081
3431,板块,1081
3432,聊城,1081
3433,通常,1080
3434,光头,1080
3435,跨年,1079
3436,男友,1079
3437,防尘,1079
3438,途中,1078
3439,患儿,1077
3440,双手,1077
3441,嘎嘎,1077
3442,综合征,1076
3443,叮叮,1076
3444,秦皇岛,1076
3445,频道,1075
3446,最多,1075
3447,体重,1075
3448,急诊科,1075
3449,鼻塞,1075
3450,之际,1074
3451,配备,1074
3452,送达,1074
3453,经营,1073
3454,人会,1073
3455,福建省,1072
3456,不见,1071
3457,暴力,1071
3458,法治,1071
3459,制品,1070
3460,洛阳,1070
3461,公寓,1070
3462,官网,1070
3463,拯救,1070
3464,明日,1069
3465,谨慎,1069
3466,直播间,1069
3467,动车,1069
3468,运抵,1069
3469,知识分子,1067
3470,重复,1067
3471,相当于,1067
3472,楼下,1066
3473,组建,1065
3474,流浪狗,1065
3475,从未,1063
3476,充分发挥,1062
3477,认知,1061
3478,工具,1060
3479,正月,1059
3480,观看,1059
3481,中医医院,1058
3482,落地,1058
3483,灵魂,1058
3484,对症,1058
3485,浪里,1058
3486,汇总,1057
3487,贸易,1056
3488,黑龙江省,1056
3489,景区,1056
3490,舆论,1056
3491,循环,1056
3492,车船,1056
3493,视点,1056
3494,啥时候,1055
3495,顺便,1055
3496,网红,1055
3497,之声,1055
3498,5G,1055
3499,流感疫苗,1055
3500,速扩,1055
3501,朱一龙用,1055
3502,高度重视,1054
3503,基层干部,1054
3504,母婴,1053
3505,却是,1053
3506,地上,1053
3507,中有,1052
3508,荆门,1052
3509,问问,1052
3510,半小时,1051
3511,燕窝,1051
3512,美的,1051
3513,安装,1050
3514,前提,1050
3515,耽误,1050
3516,其他人,1049
3517,预案,1049
3518,批评,1049
3519,软件,1049
3520,杀毒,1048
3521,Sam,1048
3522,最初,1047
3523,各自,1047
3524,当成,1047
3525,88,1047
3526,一一,1047
3527,感人,1047
3528,帮转,1046
3529,成人,1046
3530,赤条,1046
3531,粗林,1046
3532,增至,1045
3533,省委,1045
3534,好友,1045
3535,浪漫,1044
3536,副省长,1044
3537,110,1044
3538,自信,1042
3539,有病,1042
3540,新华网,1042
3541,第一例,1041
3542,破坏,1041
3543,周期,1041
3544,党组织,1041
3545,致死率,1040
3546,条例,1040
3547,人工,1040
3548,同舟共济,1040
3549,支付宝,1040
3550,9.9,1040
3551,义诊,1040
3552,陈情,1040
3553,好物,1039
3554,常识,1039
3555,零食,1039
3556,代价,1039
3557,只想,1039
3558,拍戏,1039
3559,无限,1038
3560,从而,1038
3561,真话,1038
3562,大叔,1037
3563,好久,1036
3564,一看,1036
3565,湖南省,1036
3566,上涨,1036
3567,冰箱,1036
3568,深刻,1035
3569,超赞,1035
3570,朵尔,1035
3571,储备,1034
3572,社交,1034
3573,马鞍山,1034
3574,限度,1032
3575,实录,1032
3576,股票,1032
3577,军队,1032
3578,多岁,1032
3579,株洲,1031
3580,清理,1030
3581,征集,1030
3582,科研人员,1029
3583,过得,1028
3584,全员,1028
3585,许昌,1027
3586,输液,1027
3587,手中,1027
3588,具备,1026
3589,思维,1026
3590,好处,1025
3591,攻坚,1025
3592,激动,1025
3593,家居,1024
3594,天才,1024
3595,本市,1023
3596,保卫战,1023
3597,反馈,1023
3598,占用,1022
3599,来袭,1021
3600,称为,1021
3601,劳动者,1020
3602,莲花,1019
3603,太棒了,1019
3604,快报,1019
3605,赶赴,1019
3606,自助,1018
3607,咖啡,1018
3608,理论,1017
3609,法国,1017
3610,治病,1017
3611,世纪,1016
3612,元旦,1016
3613,红十字,1016
3614,道德,1016
3615,网传,1014
3616,一方面,1014
3617,同款,1011
3618,这座,1011
3619,之中,1011
3620,突如其来,1011
3621,上火,1011
3622,蓝光,1011
3623,内地,1010
3624,斗争,1010
3625,后悔,1010
3626,院区,1010
3627,独自,1010
3628,深度,1010
3629,王俊凯益,1010
3630,不要脸,1009
3631,牵动,1009
3632,加厚,1009
3633,节日,1009
3634,招募,1009
3635,想念,1007
3636,培养,1007
3637,网格化,1006
3638,年初,1005
3639,人物,1004
3640,刚好,1004
3641,温婉,1004
3642,部队,1004
3643,一大,1003
3644,好听,1003
3645,吓人,1002
3646,常规,1002
3647,相互,1002
3648,迷惑,1002
3649,下次,1000
3650,周刊,1000
3651,实际上,999
3652,和谐,998
3653,一同,998
3654,要死,997
3655,市区,997
3656,判定,997
3657,小羊,997
3658,尝试,996
3659,当事人,996
3660,警告,995
3661,着急,995
3662,我能,994
3663,深深,994
3664,厚生,994
3665,结构,993
3666,转运,993
3667,境外,993
3668,共青团,993
3669,无关,993
3670,特色,993
3671,朝晖,993
3672,在线教育,993
3673,列为,992
3674,综艺,992
3675,调节,991
3676,越大,991
3677,铃铛响,991
3678,服务区,991
3679,专利,991
3680,纸巾,990
3681,一致,990
3682,向前,990
3683,一会儿,988
3684,产业,988
3685,西南,988
3686,早起,987
3687,投诉,987
3688,识别,987
3689,一对,987
3690,和平,987
3691,同心,986
3692,王忠林,986
3693,更要,985
3694,上班族,985
3695,指标,985
3696,贾乃亮,985
3697,存量,985
3698,计算,984
3699,很棒,984
3700,生态环境,984
3701,好事,983
3702,牙齿,983
3703,急救,983
3704,戴着,983
3705,后遗症,983
3706,震动,983
3707,痘痘,982
3708,所说,981
3709,101,981
3710,点开,981
3711,有力,981
3712,心意,981
3713,考验,980
3714,家里人,979
3715,炎症,979
3716,普遍,978
3717,显得,978
3718,诈骗,978
3719,玻璃,978
3720,居委会,977
3721,过往,977
3722,敬畏,977
3723,多位,977
3724,害人,977
3725,党支部,977
3726,监控,976
3727,风景,976
3728,多数,976
3729,分布,976
3730,半天,976
3731,上级,975
3732,一眼,975
3733,股份,975
3734,一首,975
3735,尽可能,974
3736,现代,973
3737,过分,972
3738,一系列,972
3739,装备,972
3740,一共,972
3741,值守,971
3742,58,971
3743,湖州,971
3744,国新办,970
3745,老鼠,970
3746,新区,970
3747,肿瘤,970
3748,二线,969
3749,目前为止,969
3750,接着,968
3751,青海省,968
3752,拍摄,968
3753,抱怨,967
3754,乌鲁木齐,966
3755,稍微,966
3756,相当,966
3757,发国难财,966
3758,管鑫,966
3759,听话,966
3760,一项,965
3761,大小,965
3762,长安,965
3763,即便,964
3764,羡慕,964
3765,无论是,962
3766,涨价,962
3767,病毒检测,962
3768,农业,962
3769,回乡,961
3770,无比,961
3771,战友,961
3772,一刻,961
3773,天呐,960
3774,p4,959
3775,互动,959
3776,清洗,959
3777,太大,959
3778,不愧,959
3779,onepiece,959
3780,并发症,958
3781,下楼,958
3782,联通,958
3783,500ml,958
3784,督导,958
3785,安徽省,957
3786,后方,957
3787,送来,957
3788,彼此,957
3789,赞赞,957
3790,可疑,956
3791,医管局,956
3792,不仅仅,955
3793,进化,955
3794,自制,955
3795,正义,955
3796,应收,954
3797,对接,954
3798,德阳,954
3799,顾魏,954
3800,奇葩,953
3801,威胁,953
3802,发抖,952
3803,放下,952
3804,公园,951
3805,说好,951
3806,尽收,951
3807,霍乱,950
3808,第五,949
3809,熊猫,949
3810,千万别,948
3811,遂宁,948
3812,携带者,947
3813,强烈,947
3814,150,947
3815,成果,947
3816,外界,946
3817,有钱,946
3818,省级,945
3819,尽早,945
3820,首位,945
3821,懂得,945
3822,主播,945
3823,售卖,944
3824,吸入,944
3825,重灾区,944
3826,致病,943
3827,68,943
3828,广安,942
3829,学期,942
3830,上下,942
3831,知名,942
3832,年夜饭,942
3833,震惊,942
3834,检察,941
3835,体检,941
3836,一盒,941
3837,夜晚,941
3838,cp,940
3839,分子,940
3840,余甜,940
3841,偷偷,939
3842,内科,939
3843,预期,939
3844,共青团中央,939
3845,寒心,939
3846,注意事项,938
3847,要说,937
3848,震撼,937
3849,十三太保,937
3850,核心,936
3851,耐心,936
3852,抚养权,936
3853,做个,935
3854,极大,935
3855,认证,935
3856,第二例,935
3857,老妈,934
3858,爱上,934
3859,信号,934
3860,致命,933
3861,队内,933
3862,实践,932
3863,成都市,932
3864,投放,932
3865,大批,932
3866,做起,931
3867,小小的,931
3868,一部,931
3869,日常生活,931
3870,键盘,930
3871,会上,930
3872,路面,930
3873,回甜馨,930
3874,99%,929
3875,爸爸妈妈,929
3876,主持,929
3877,补水,929
3878,攻略,929
3879,活着,928
3880,客车,928
3881,古人,928
3882,app,927
3883,肚子,927
3884,造型,927
3885,世间,927
3886,家族,927
3887,澳门,926
3888,男朋友,926
3889,看不到,926
3890,释放,926
3891,2017,925
3892,烈士,925
3893,尽力,924
3894,医治,924
3895,私信,924
3896,关键时期,923
3897,排出,923
3898,姓名,922
3899,将会,922
3900,单独,922
3901,转载,922
3902,136,922
3903,通化,922
3904,顾客,921
3905,合格,921
3906,针对性,921
3907,江宁,921
3908,老子,921
3909,医疗卫生,921
3910,中小学,920
3911,分开,920
3912,募捐,920
3913,主持人,919
3914,地坛,919
3915,倒计时,919
3916,家门口,919
3917,种草,919
3918,驾驶员,918
3919,共用,917
3920,有着,917
3921,妆前,917
3922,大赛,916
3923,纽约,916
3924,心痛,916
3925,100%,916
3926,反弹,916
3927,生态,916
3928,江苏省,915
3929,滞留,915
3930,轻度,915
3931,玉米,915
3932,抓紧,915
3933,支队,915
3934,现状,914
3935,热水,914
3936,回归,914
3937,眉山,914
3938,2020.1,913
3939,被困,913
3940,政务,912
3941,发了,912
3942,早餐,910
3943,委屈,910
3944,尚无,910
3945,委员,909
3946,论坛,909
3947,精华,909
3948,船上,908
3949,播出,908
3950,愤怒,907
3951,哽咽,907
3952,躲过,907
3953,警民,907
3954,291,906
3955,省内,906
3956,第三批,906
3957,三年,905
3958,只不过,905
3959,观众,905
3960,体现,905
3961,大面积,904
3962,现将,904
3963,包裹,903
3964,场景,903
3965,老爸,903
3966,语音,903
3967,鹿晗,902
3968,失望,901
3969,自杀,901
3970,面包,901
3971,批发市场,900
3972,长发,899
3973,扬州,899
3974,封面,899
3975,72,898
3976,地点,898
3977,工地,898
3978,难度,898
3979,伸出,898
3980,流量,898
3981,抽烟,897
3982,真是太,896
3983,一月,896
3984,共度,896
3985,网格,896
3986,今天上午,895
3987,明年,895
3988,万物,894
3989,区分,894
3990,6000,894
3991,名师,894
3992,行李,893
3993,溯源,893
3994,牢牢,893
3995,四川大学,893
3996,灭绝,892
3997,旗舰店,892
3998,至于,892
3999,04,892
4000,下车,891
4001,承受,891
4002,作息,890
4003,测量体温,890
4004,甜甜,890
4005,马兜铃,890
4006,生存,889
4007,敌人,889
4008,枣庄,889
4009,刷题,889
4010,个人卫生,888
4011,进度,888
4012,江西省,888
4013,华中科技大学,888
4014,欺负,887
4015,拍照,887
4016,江门,887
4017,频繁,886
4018,餐饮,886
4019,不高,885
4020,常用,885
4021,落生,885
4022,也就是说,884
4023,这批,884
4024,多一点,884
4025,漫画,884
4026,分配,884
4027,副作用,884
4028,蜡烛,884
4029,清华,884
4030,热度,883
4031,身影,883
4032,启用,883
4033,停课,883
4034,建筑,883
4035,良药,883
4036,配送,882
4037,睡前,881
4038,成本,881
4039,得不到,881
4040,截图,881
4041,大事,881
4042,我来,881
4043,三甲,881
4044,还给,880
4045,无语,879
4046,部长,879
4047,追剧,879
4048,连翘,879
4049,觉醒,879
4050,完毕,879
4051,社会各界,878
4052,现金,878
4053,大米,878
4054,团结,878
4055,陷入,877
4056,罢了,877
4057,米锋,877
4058,街上,876
4059,那时,876
4060,研究生,876
4061,土地,876
4062,赵丽颖,876
4063,一图,876
4064,疑问,875
4065,杀灭,875
4066,环球时报,875
4067,至此,875
4068,解放军,875
4069,拿下,875
4070,缺少,874
4071,调配,874
4072,数学,874
4073,材质,874
4074,第三天,874
4075,美白,874
4076,连降,874
4077,辅警,873
4078,多一分,873
4079,之力,873
4080,汇报,873
4081,研判,872
4082,同比,872
4083,西药,872
4084,叔叔,871
4085,护卫队,871
4086,老大,870
4087,之内,870
4088,烦恼,870
4089,婴幼儿,870
4090,全县,870
4091,校园,870
4092,攻关,870
4093,打底,870
4094,吸烟,870
4095,部位,869
4096,呼吸系统,868
4097,早隔离,868
4098,女排,868
4099,出血,866
4100,咽喉,866
4101,好心人,866
4102,车上,865
4103,定期,865
4104,面试,865
4105,口腔溃疡,865
4106,65,865
4107,冰云,865
4108,糖尿病,864
4109,告别,864
4110,屏幕,863
4111,单纯,863
4112,生长,863
4113,桂林,862
4114,极其,861
4115,可见,861
4116,辞职,861
4117,八大,861
4118,跻徊,860
4119,咽痛,859
4120,武大,859
4121,民生,858
4122,合法,858
4123,多万,857
4124,美容,857
4125,某个,857
4126,公共交通,856
4127,不许,856
4128,两会,856
4129,打响,856
4130,降雪,856
4131,疑惑,855
4132,矛盾,855
4133,最快,855
4134,淮南,855
4135,黑色,855
4136,热巴,855
4137,王凯,855
4138,遗体,855
4139,审阅,855
4140,热情,854
4141,自发,854
4142,返工,853
4143,伴随,853
4144,摩尔,853
4145,追求,852
4146,李宇春,852
4147,西安交大,852
4148,抽调,852
4149,训练,851
4150,带队,851
4151,命运,851
4152,有过,850
4153,众多,850
4154,2016,850
4155,广州市,849
4156,开门,849
4157,周年,848
4158,漫长,848
4159,不顾,848
4160,一身,848
4161,入户,847
4162,兔子,847
4163,千里,847
4164,北堂,847
4165,分为,846
4166,冒险,846
4167,错峰,846
4168,尊敬,845
4169,待在家里,845
4170,尽量减少,845
4171,菩萨,845
4172,入住,845
4173,张小凡,845
4174,套装,844
4175,农民工,844
4176,道路交通,844
4177,降温,843
4178,阻挡,842
4179,团聚,842
4180,大白话,842
4181,手里,842
4182,并肩,842
4183,网站,841
4184,成效,841
4185,严谨,841
4186,测出,841
4187,中招,840
4188,长辈,840
4189,病变,840
4190,低烧,840
4191,日到,840
4192,小说,840
4193,2015,839
4194,提高警惕,839
4195,凝聚,839
4196,再见,839
4197,干什么,839
4198,打造,839
4199,中国政府,839
4200,百科,838
4201,发炎,838
4202,热闹,837
4203,陕西省,837
4204,墨染,837
4205,指引,836
4206,带回家,836
4207,湖南卫视,836
4208,博肖,836
4209,室外,835
4210,带走,835
4211,文艺,835
4212,争议,835
4213,无纺布,835
4214,废物,835
4215,等级,834
4216,贯彻落实,834
4217,一号,834
4218,财政,834
4219,跟随,834
4220,高危,833
4221,不安,833
4222,新版,833
4223,各方,833
4224,爆款,833
4225,反对,832
4226,出事,832
4227,240,832
4228,冠狀,831
4229,晚间,831
4230,名称,831
4231,欢乐,831
4232,远远,831
4233,平静,831
4234,法定,830
4235,留观,830
4236,叮嘱,830
4237,重复使用,830
4238,10g,830
4239,达芦,830
4240,那位,829
4241,送往,829
4242,秩序,829
4243,满满,829
4244,整天,828
4245,领取,828
4246,农民,828
4247,心动,828
4248,病因,828
4249,疾冲,828
4250,工作岗位,827
4251,化妆,826
4252,花式,826
4253,以内,825
4254,3M,825
4255,情侣,825
4256,抗菌,824
4257,二合一,824
4258,有种,823
4259,烦躁,823
4260,77,823
4261,看待,823
4262,清除,823
4263,餐具,823
4264,大喜,823
4265,脑瘫,823
4266,蜀黍,822
4267,编辑,822
4268,务工人员,822
4269,暴发,822
4270,家园,822
4271,高级,822
4272,恶劣,821
4273,庆幸,821
4274,聪明,821
4275,有意思,821
4276,即日起,820
4277,贩卖,820
4278,长江,820
4279,现已,819
4280,消化道,819
4281,80%,819
4282,初一,819
4283,不说,819
4284,53,819
4285,一行,819
4286,严密,818
4287,少数,818
4288,难得,818
4289,公务员,818
4290,人心惶惶,818
4291,上阵,818
4292,魏无羡肖,818
4293,官宣,817
4294,中下旬,817
4295,化学,817
4296,汤圆,817
4297,掉以轻心,816
4298,常常,816
4299,天团,816
4300,灯光,815
4301,感慨,815
4302,大大,815
4303,真让人,815
4304,看望,814
4305,咸宁,814
4306,风格,814
4307,思念,814
4308,未经,813
4309,多喝水,813
4310,中学,813
4311,来讲,813
4312,就让,813
4313,印度,813
4314,仙女,812
4315,五天,812
4316,十三,812
4317,面部,812
4318,蜂蜜,812
4319,治安,811
4320,讲解,811
4321,大门,811
4322,发给,811
4323,肠胃,811
4324,智商,810
4325,爱豆,810
4326,HIV,810
4327,我們,810
4328,擅自,810
4329,艺兴,810
4330,但愿,809
4331,标题,809
4332,善意,808
4333,夫人,808
4334,情况通报,808
4335,DNA,808
4336,吃火锅,807
4337,舞蹈,807
4338,浅谈,807
4339,一顿,806
4340,43,806
4341,眼前,806
4342,孕产妇,806
4343,天涯,806
4344,性格,806
4345,黄芪,806
4346,脆弱,805
4347,柚子,805
4348,多难,805
4349,爆炸,805
4350,95%,805
4351,热血,805
4352,静好,805
4353,抓获,805
4354,顺遂,804
4355,打牌,804
4356,媒体报道,804
4357,重启,804
4358,党建,804
4359,一整天,803
4360,宇好,803
4361,满意,802
4362,橘子,802
4363,终将,802
4364,发病率,802
4365,猫猫,802
4366,客服,802
4367,分流,802
4368,蛋白质,802
4369,风雨,802
4370,早晚,802
4371,下沉,802
4372,临近,801
4373,监管局,801
4374,万件,801
4375,供电,801
4376,随机,801
4377,氛围,800
4378,外国,800
4379,摘下,800
4380,十一,800
4381,抓住,800
4382,坐标,799
4383,器官,799
4384,留言,798
4385,巡查,798
4386,王者,798
4387,鞋子,797
4388,123,797
4389,一台,797
4390,补贴,797
4391,下周,796
4392,加拿大,796
4393,更大,796
4394,学者,796
4395,逃离,796
4396,一到,796
4397,没见,796
4398,随身,796
4399,杨紫,796
4400,威廉,796
4401,守护者,796
4402,这儿,795
4403,正常人,795
4404,大脑,794
4405,注定,794
4406,运城,794
4407,街头,794
4408,规划,793
4409,缩短,793
4410,捕杀,793
4411,环节,793
4412,含量,792
4413,棒棒,792
4414,残忍,792
4415,拉萨,792
4416,星座,791
4417,看不见,791
4418,中华环境保护基金会,791
4419,从事,790
4420,狡猾,790
4421,冰雪,790
4422,一封信,789
4423,幸好,788
4424,关怀,788
4425,一下子,787
4426,香水,787
4427,资格,786
4428,一波,786
4429,怪兽,786
4430,高峰期,785
4431,身份证,785
4432,字号,785
4433,怪幸,785
4434,三大,784
4435,眼神,784
4436,车流量,784
4437,心系,784
4438,违法行为,783
4439,心酸,783
4440,解剖,783
4441,私家车,782
4442,第一位,782
4443,忻州,782
4444,庚子,782
4445,管制,782
4446,最右,782
4447,起码,781
4448,接待,781
4449,满满的,781
4450,止咳,781
4451,高温,780
4452,国泰民安,780
4453,工作汇报,780
4454,拘留,779
4455,这点,779
4456,沙雕,779
4457,红外,779
4458,公示,779
4459,婚礼,778
4460,枸杞,778
4461,女朋友,778
4462,常州,778
4463,悲伤,778
4464,郴州,778
4465,已致,777
4466,妹子,777
4467,作战,777
4468,尴尬,777
4469,50%,777
4470,打榜,777
4471,蒸汽,777
4472,职场,776
4473,波动,776
4474,语言,776
4475,一时,776
4476,月初,776
4477,清瘟,776
4478,师生,775
4479,查出,775
4480,清新,775
4481,无所谓,775
4482,一夜,775
4483,传送门,775
4484,总医院,775
4485,下船,775
4486,送上,774
4487,队长,774
4488,小央,774
4489,揪心,773
4490,开开心心,773
4491,阿里巴巴,773
4492,大火,773
4493,益生菌,773
4494,到家,772
4495,暑假,772
4496,精神病院,772
4497,麻麻,772
4498,瑞克,772
4499,成熟,771
4500,心跳,771
4501,这篇,771
4502,影像学,771
4503,大同,771
4504,影像,771
4505,滴滴,770
4506,队友,770
4507,不信,769
4508,旗下,769
4509,松鼠,769
4510,担任,769
4511,营销,768
4512,专业人士,768
4513,防晒,768
4514,鉴定,768
4515,为此,767
4516,答疑,767
4517,共享,766
4518,返京,766
4519,一根,766
4520,当场,766
4521,调度,766
4522,二级,765
4523,每人,765
4524,切实做好,765
4525,创意,765
4526,缅怀,765
4527,信念,764
4528,直辖市,763
4529,小分队,763
4530,严惩,763
4531,更多人,763
4532,安慰剂,763
4533,上去,762
4534,温度计,762
4535,失控,762
4536,民航,761
4537,篇文章,761
4538,个案,761
4539,翻译,761
4540,腊月,761
4541,假冒,761
4542,前天,760
4543,强行,760
4544,不配,760
4545,危重病,760
4546,过个,759
4547,帽子,759
4548,入侵,759
4549,眼科医生,759
4550,唐三,759
4551,肖战言,759
4552,儿童医院,758
4553,血压,758
4554,阴谋,758
4555,高新区,757
4556,蓝色,757
4557,危难,757
4558,辜负,757
4559,荷泽,757
4560,例如,756
4561,党中央,756
4562,电商,756
4563,无人机,756
4564,意大利,756
4565,51,756
4566,患有,755
4567,折腾,755
4568,似的,755
4569,泄露,755
4570,买单,755
4571,西瓜,755
4572,烧烤,755
4573,小姐,755
4574,按时,754
4575,病理,754
4576,公共安全,754
4577,眼里,754
4578,隐患,754
4579,校花,754
4580,全网,754
4581,单日,754
4582,朴实,754
4583,Remdesivir,754
4584,阳台,753
4585,52,753
4586,Repost,753
4587,女孩子,753
4588,年代,753
4589,颜值,753
4590,流星,753
4591,预防措施,752
4592,欧洲,752
4593,毒性,752
4594,高于,752
4595,红十字会,752
4596,135,752
4597,局面,752
4598,病症,751
4599,三种,751
4600,好奇,751
4601,制售,751
4602,另行通知,750
4603,一层,750
4604,点亮,750
4605,tm,750
4606,互助,750
4607,青少年,749
4608,局长,749
4609,附院,749
4610,吴宣仪,749
4611,吹哨,749
4612,监察,749
4613,脱销,748
4614,宾馆,748
4615,国网,748
4616,宫颈癌,748
4617,忽然,747
4618,糟糕,747
4619,留守,747
4620,低调,747
4621,62,747
4622,MD,747
4623,足以,746
4624,常备,746
4625,予以,746
4626,校长,746
4627,1.5,746
4628,保驾护航,746
4629,10%,746
4630,就餐,745
4631,玩意,745
4632,正值,745
4633,绿色通道,745
4634,从不,745
4635,查扣,745
4636,攻坚战,744
4637,密闭,744
4638,寒冷,744
4639,假如,744
4640,盲目,744
4641,将近,744
4642,再有,742
4643,发言,742
4644,火箭,742
4645,中日友好医院,742
4646,殉职,742
4647,10000,742
4648,吸引,741
4649,可达,741
4650,极度,741
4651,理智,741
4652,药业,741
4653,同城,741
4654,南阳,741
4655,一包,741
4656,精油,741
4657,活力,741
4658,军医大学,741
4659,描述,740
4660,解锁,740
4661,亲肤,740
4662,投入使用,740
4663,妖小精,740
4664,疏导,740
4665,总之,739
4666,我院,739
4667,金额,739
4668,重生,739
4669,争分夺秒,739
4670,品质,739
4671,叠加,739
4672,不太,738
4673,好几个,737
4674,夫妇,737
4675,4000,737
4676,328,737
4677,太惨,737
4678,中方,737
4679,刑拘,737
4680,捐给,737
4681,不可逆性,737
4682,新闻网,736
4683,饺子,736
4684,萝卜,736
4685,财政部,736
4686,一幕,735
4687,你家,735
4688,热心,735
4689,在内,735
4690,好评,735
4691,肤色,735
4692,汤含,735
4693,克服,734
4694,感染性,734
4695,发作,734
4696,莫名,734
4697,无证据,734
4698,罕见,734
4699,苏联,733
4700,柠檬,732
4701,名为,732
4702,亲自,732
4703,防御,732
4704,57,732
4705,有喜,732
4706,98,732
4707,八方支援,732
4708,天空,731
4709,魔幻,731
4710,伊朗,731
4711,石榴,731
4712,进驻,731
4713,整整,730
4714,被迫,730
4715,痛心,730
4716,逝世,730
4717,精力,729
4718,贴心,729
4719,后盾,729
4720,姿势,728
4721,额头,728
4722,节前,728
4723,不远,728
4724,非新冠,728
4725,祸害,727
4726,芝士,727
4727,回头,727
4728,冉冉,727
4729,不必要,726
4730,360,726
4731,名义,726
4732,87,726
4733,验证,726
4734,肠道,726
4735,看吧,726
4736,业绩,726
4737,密封,726
4738,受不了,726
4739,异常者,726
4740,草率,725
4741,据介绍,725
4742,并未,725
4743,线索,725
4744,清醒,725
4745,杨幂,725
4746,不忘,725
4747,厂家,725
4748,长江日报,724
4749,帅气,724
4750,病原学,724
4751,美妆,724
4752,67,724
4753,微医,724
4754,严防,723
4755,邓煌,723
4756,规模,723
4757,局部,723
4758,78,723
4759,xzxzfxfxxzgg,723
4760,瑟瑟,722
4761,体制,722
4762,我区,722
4763,采集,722
4764,开往,722
4765,账号,722
4766,灭菌,722
4767,安全感,721
4768,四肢,721
4769,申报,721
4770,重度,721
4771,下雪,720
4772,画画,720
4773,脚步,720
4774,恒温,720
4775,清热解毒,720
4776,正规,720
4777,图书,720
4778,鉴于,719
4779,MERS,719
4780,番茄,719
4781,数万,719
4782,统筹,718
4783,依靠,718
4784,吉祥,718
4785,误区,718
4786,售价,718
4787,这么久,717
4788,三口,717
4789,早已,717
4790,美女,717
4791,贫困,717
4792,绕城,717
4793,个别,716
4794,130,716
4795,医闹,716
4796,会师,716
4797,事后,715
4798,清晨,715
4799,差异,715
4800,难题,715
4801,泡面,715
4802,奔波,715
4803,一秒,715
4804,赣州,715
4805,佳人,715
4806,苦难,714
4807,太快,713
4808,花花,713
4809,二代,713
4810,问责,713
4811,女友,713
4812,一组,713
4813,微博能,713
4814,尽量避免,712
4815,玩具,712
4816,违规,712
4817,本质,712
4818,窗户,712
4819,醫護,712
4820,底线,712
4821,免职,712
4822,无私,712
4823,公平,712
4824,一方有难,712
4825,信仰,712
4826,用途,711
4827,例行,711
4828,央视网,711
4829,违法犯罪,711
4830,真好,711
4831,守望,711
4832,物理,711
4833,相继,710
4834,忽视,710
4835,千千万万,710
4836,一封,709
4837,就业,709
4838,楼上,709
4839,日内瓦,709
4840,先旺,709
4841,供灯,709
4842,初三,708
4843,文科班,708
4844,冬日,708
4845,列入,708
4846,上来,708
4847,这首,708
4848,语文,708
4849,217,707
4850,路线,707
4851,作家,707
4852,不带,707
4853,立案,707
4854,雾化,707
4855,销量,706
4856,O2020,706
4857,从来不,706
4858,大雪,706
4859,信用,706
4860,算了,705
4861,一番,705
4862,无处,705
4863,供给,705
4864,胖子,705
4865,无效,704
4866,创业,704
4867,太皇太后,704
4868,一博,704
4869,村干部,704
4870,四天,703
4871,多月,702
4872,眼罩,702
4873,第一件,702
4874,脖子,702
4875,义务,702
4876,折磨,702
4877,北国,702
4878,实事,702
4879,有助于,701
4880,喇叭,701
4881,首歌,701
4882,殴打,701
4883,红外线,700
4884,问候,700
4885,角色,700
4886,中队,700
4887,少去,699
4888,嘴巴,699
4889,一圈,699
4890,广告,699
4891,持久,699
4892,动画,699
4893,护栏,699
4894,中國,698
4895,佩服,698
4896,十五,698
4897,大便,698
4898,有害,698
4899,血管,698
4900,上班时间,697
4901,休市,697
4902,怕死,696
4903,带给,696
4904,个体,696
4905,调理,696
4906,卫生巾,696
4907,气氛,695
4908,庚子年,695
4909,家住,695
4910,主席,695
4911,云龙,695
4912,这段,694
4913,回顾,694
4914,掩盖,693
4915,沉默,693
4916,发来,693
4917,不但,693
4918,去除,693
4919,晋中,693
4920,解决问题,693
4921,赶到,693
4922,共同努力,692
4923,辅助,692
4924,科主任,692
4925,真诚,692
4926,怎么回事,692
4927,贴纸,692
4928,寒冬,691
4929,录歌,691
4930,随手,690
4931,活性,690
4932,汤臣,690
4933,那年,689
4934,笔记,689
4935,一期,689
4936,优惠,689
4937,祈愿,689
4938,愉快,688
4939,学医,688
4940,对面,688
4941,病毒感染者,688
4942,交警大队,688
4943,几种,688
4944,老乡,688
4945,东站,688
4946,筹集,688
4947,点滴,688
4948,维稳,688
4949,短暂,687
4950,废话,687
4951,大吉,687
4952,一天天,687
4953,牵头,687
4954,穿越,686
4955,清热,686
4956,选手,686
4957,珍贵,686
4958,佛山,685
4959,天灾,685
4960,封锁,685
4961,壁纸,685
4962,捂住,684
4963,开玩笑,684
4964,54,684
4965,有事,684
4966,空军,684
4967,拭子,684
4968,动漫,684
4969,元气,684
4970,当晚,684
4971,该死,684
4972,山火,683
4973,视频会议,683
4974,权利,683
4975,大厅,683
4976,否定,683
4977,长周,683
4978,展现,682
4979,快要,682
4980,定时,682
4981,来不及,682
4982,福气,682
4983,1499,682
4984,公安部,682
4985,三千名,682
4986,亲朋好友,681
4987,发福,681
4988,忽略,681
4989,78%,681
4990,降至,681
4991,空中,680
4992,电力,680
4993,邓伦,680
4994,不负,680
4995,赠送,680
4996,合唱,680
4997,演唱,680
4998,凯撒,680
